id,title,author,reference_url,my_recording_url,is_favorited,last_played_time,note
1,9.20 Special,Earl Warren,,,false,,
2,26-2,John Coltrane,,,false,,
3,52nd Street Theme,Thelonious Monk,,,false,,
4,500 Miles High,Chick Corea,https://www.youtube.com/watch?v=PPkznRvpHwg,,false,,
5,502 Blues,Jimmy Rowles,,,false,,
6,A Ballad,Gerry Mulligan,,,false,,
7,A Beautiful Friendship,Donald Kahn,,,false,,
8,A Blossom Fell,Barnes-Cornelius,,,false,,
9,A Certain Smile,Fain-Webster,,,false,,
10,A Child Is Born,Thad Jones,,,false,,
11,A Felicidade,Antonio-Carlos Jobim,,,false,,
12,A Fine Romance,Jerome Kern,,,false,,
13,A Flower Is A Lovesome Thing,Billy Strayhorn,,,false,,
14,A Foggy Day,George Gershwin,,,false,,
15,A Ghost Of A Chance,Victor Young,,,false,,
16,A Kiss To Build A Dream On,Kalmar-Ruby-Hammerstein,,,false,,
17,A Little Tear,Deodato-Valle,,,false,,
18,A Lovely Way To Spend An Evening,Jimmy McHugh,,,false,,
19,A Night In Tunisia,Dizzy Gillespie,https://www.youtube.com/watch?v=gfLVVHxk4IM,,true,2026-06-16T12:46:44.754,
20,A Nightingale Sang In Berkeley Square,Manning Sherwin,,,false,,
21,A Pretty Girl Is Like A Melody,Irving Berlin,,,false,,
22,A Shade Of Jade,Joe Henderson,,,false,,
23,A Sleepin' Bee,Harold Arlen,,,false,,
24,A Smooth One,Benny Goodman,,,false,,
25,A Sound For Sore Ears,Jimmy Heath,,,false,,
26,A Sunday Kind Of Love,Belle-Prima-Leonard-Rhodes,,,false,,
27,A Taste Of Honey,Marlow-Scott,,,false,,
28,A Time For Love,Johnny Mandel,,,false,,
29,A Tisket A Tasket,Traditional,,,false,,
30,A Weaver Of Dreams,Victor Young,,,false,,
31,A Wonderful Day Like Today,Bricusse-Newley,,,false,,
32,Ablution,Lennie Tristano,,,false,,
33,Ac-Cent-Tchu-Ate The Positive,Harold Arlen,,,false,,
34,Across The Alley From The Alamo,Joe Greene,,,false,,
35,Adam's Apple,Wayne Shorter,,,false,,
36,Affirmation,José Feliciano,,,false,,
37,African Flower,Duke Ellington,,,false,,
38,"African Queen, The",Horace Silver,,,false,,
39,Afro Blue,Mongo Santamaria,https://www.youtube.com/watch?v=YbE7jf_Hp5w,,false,,
40,Afro Centric,Joe Henderson,,,false,,
41,After You,Cole Porter,,,false,,
42,After You've Gone,Henry Creamer,,,false,,
43,Afternoon In Paris,John Lewis,,,true,2026-06-16T12:46:43.566,
44,Again,Lionel Newman,,,false,,
45,Agua De Beber,Antonio-Carlos Jobim,,,false,,
46,Ahmid-6,Pat Metheny,,,false,,
47,Ain't Misbehavin',Fats Waller,,,false,2026-06-16T07:20:53.801,
48,Ain't She Sweet,Milton Ager,,,false,,
49,Airegin,Sonny Rollins,,,false,,
50,Airmail Special,Charlie Christian,,,false,,
51,Aisha,McCoy Tyner,,,false,,
52,Alexander's Ragtime Band,Irving Berlin,,,false,,
53,Alfie,Burt Bacharach,,,false,,
54,Alfie's Theme,Sonny Rollins,,,false,,
55,Alice In Wonderland,Sammy Fain,,,true,2026-06-16T07:21:13.097,
56,All About Ronnie,Joe Greene,,,false,,
57,All Alone,Irving Berlin,,,false,,
58,All At Once You Love Her,Rodgers-Hammerstein,,,false,,
59,All Blues,Miles Davis,https://www.youtube.com/watch?v=-488UORrfJ0,,false,2026-06-16T12:40:50.855,
60,All By Myself,Irving Berlin,,,false,,
61,All God's Chillun Got Rhythm,Kahn-Kaper,,,false,,
62,All My Tomorrows,Jimmy Van-Heusen,,,false,,
63,All Of A Sudden My Heart Sings,Herpin-Jamblan-Rome,,,false,,
64,All Of Me,Gerald Marks,https://www.youtube.com/watch?v=NX5YgJbrjlo,https://youtu.be/Y82Of_wjLvY?is=EdmM6Iq6haf3j5C5,false,2026-06-15T21:35:21.676,
65,All Of You,Cole Porter,,,false,,
66,All Or Nothing At All,Arthur Altman,,,false,,
67,All The Things You Are,Jerome Kern,https://www.youtube.com/watch?v=9nJvHsq0zjY,,true,2026-06-16T12:46:44.101,
68,All The Way,Jimmy Van-Heusen,,,false,,
69,All Through The Day,Kern-Hammerstein,,,false,,
70,All Through The Night,Cole Porter,,,false,,
71,All Too Soon,Duke Ellington,,,false,,
72,Almost Like Being In Love,Frederick Loewe,,,false,,
73,Alone Together,Arthur Schwartz,https://youtu.be/JsOq28ahj_s?si=AUti_eNV6OeGAcHU,,false,2026-06-16T07:15:38.731,
74,Alone Too Long,Arthur Schwartz,,,false,,
75,Along Came Betty,Benny Golson,,,false,,
76,Always,Irving Berlin,,,false,,
77,Always And Forever,Pat Metheny,,,false,,
78,Am I Blue?,Harry Akst,,,false,,
79,Among My Souvenirs,Horatio Nicholls,,,false,,
80,Ana Maria,Wayne Shorter,,,false,,
81,And On The Third Day,Michael Gibbs,,,false,,
82,And The Angels Sing,Ziggy Elman,,,false,,
83,And What If I Don't,Herbie Hancock,,,false,,
84,Angel Eyes,Matt Dennis,,,false,,
85,Anthropology,Charlie Parker,https://www.youtube.com/watch?v=AMuItUv9xZc,,false,,
86,Anything Goes,Cole Porter,,,false,,
87,April,Lennie Tristano,,,false,,
88,April In Paris,Vernon Duke,,,false,,
89,April Joy,Pat Metheny,,,false,,
90,April Skies,Buddy Collette,,,false,,
91,Aren't You Glad You're You,Jimmy Van-Heusen,,,false,,
92,Armageddon,Wayne Shorter,,,false,,
93,Armando's Rhumba,Chick Corea,,,false,,
94,As Long As I Live,Harold Arlen,,,false,,
95,As Time Goes By,Herman Hupfeld,,,false,,
96,Ask Me Now,Thelonious Monk,,,false,,
97,At Last,Harry Warren,,,false,,
98,At Long Last Love,Cole Porter,,,false,,
99,Au Privave,Charlie Parker,,,false,,
100,Autumn In New York,Vernon Duke,,,true,2026-06-16T12:46:52.695,
101,Autumn Leaves,Joseph Kosma,https://www.youtube.com/watch?v=-Ep55S2R8ik,,false,2026-06-16T07:14:56.315,
102,Autumn Nocturne,Gannon-Myrow,,,false,,
103,Avalon,Jolson-Sylva-Rose,,,false,,
104,Ba-lue Bolivar Ba-lues-are,Thelonious Monk,,,false,,
105,"Baby, Won't You Please Come Home",Warfield-Williams,,,false,,
106,Background Music,Warne Marsh,,,false,,
107,Backstage Sally,Wayne Shorter,,,false,,
108,"Backward Step, The",Nicholas Payton,,,false,,
109,Bags and Trane,Milt Jackson,,,false,,
110,Bags' Groove,Milt Jackson,https://www.youtube.com/watch?v=w3TMe98FJDw,,false,,
111,"Balance, The",Dave Holland,,,false,,
112,Ballad For Very Tired And Very Sad Lotus Eaters,Billy Strayhorn,,,false,,
113,Ballade,Charlie Parker,,,false,,
114,Baltimore Oriole,Hoagy Carmichael,,,false,,
115,Barbados,Charlie Parker,,,false,,
116,Barbara,Horace Silver,,,false,,
117,Bark For Barksdale,Gerry Mulligan,,,false,,
118,Basin Street Blues,Spencer Williams,,,false,,
119,"Bat, The",Pat Metheny,,,false,,
120,"Baubles, Bangles and Beads",Borodin-Wright-Forrest,,,false,,
121,Be Careful It's My Heart,Irving Berlin,,,false,,
122,Be My Love,Nikolaus Brodszky,,,false,,
123,Be-Bop,Dizzy Gillespie,,,false,,
124,Bean And The Boys,Coleman Hawkins,,,false,,
125,Beatrice,Sam Rivers,https://www.youtube.com/watch?v=J2lnek_Z_Zs,,true,2026-06-16T07:15:37.870,
126,Beautiful Love,Victor Young,https://youtu.be/qwG3fw-GOTE?si=6tdzIfuXJO_yRPlU,,false,,
127,Beauty And The Beast,Wayne Shorter,,,false,,
128,Begin The Beguine,Cole Porter,,,false,,
129,Bein' Green,Joe Raposo,,,false,,
130,Bellarosa,Elmo Hope,,,false,,
131,Bemsha Swing,Thelonious Monk,,,false,,
132,Benny's Tune,Lionel Loueke,,,false,,
133,Bernie's Tune,Bernie Miller,https://youtu.be/wQWy-z4ey_s?si=fSAp30opwgLqWk8j,,false,,
134,Besame Mucho,Consuelo Velazques,,,false,,
135,Bess You Is My Woman,George Gershwin,,,false,,
136,Bessie's Blues,John Coltrane,,,false,,
137,"Best Is Yet To Come (Page 1), The",Cy Coleman,,,false,,
138,"Best Is Yet To Come (Page 2), The",Cy Coleman,,,false,,
139,"Best Thing For You Is Me, The",Irving Berlin,,,false,,
140,"Best Things In Life Are Free, The",DeSylva-Brown-Henderson,,,false,,
141,Better Days Ahead,Pat Metheny,,,false,,
142,Better Git It In Your Soul,Charles Mingus,https://www.youtube.com/watch?v=J0FcKOfRgvE,,false,,
143,Better Than Anything,Loughborough-Wheat,,,false,,
144,Between The Devil And The Deep Blue Sea,Harold Arlen,,,false,,
145,Bewitched,Richard Rodgers,,,false,,
146,Beyond The Blue Horizon,Whiting-Harding,,,false,,
147,Beyond The Sea,Charles Trenet,,,false,,
148,Bidin' My Time,George Gershwin,,,false,,
149,Big Nick,John Coltrane,,,false,,
150,"Big Push, The",Wayne Shorter,,,false,,
151,"Bill Bailey, Won't You Please Come Home",Hughie Cannon,,,false,,
152,Bill's Hit Tune,Bill Evans,,,false,,
153,Billie's Bounce,Charlie Parker,https://www.youtube.com/watch?v=S4mRaEzwTYo,,false,2026-06-16T07:15:09.825,
154,Billy Boy,Traditional,,,false,,
155,Birk's Works,Dizzy Gillespie,https://www.youtube.com/watch?v=nW8i_UfqYNw,,false,,
156,"Birth Of The Blues, The",Ray Henderson,,,false,,
157,Black And Blue,Fats Waller,,,false,,
158,Black And Tan Fantasy,Ellington-Miley,,,false,,
159,Black Butterfly,Ellington-Carruthers-Mills,,,false,,
160,Black Coffee,Burke-Webster,,,false,,
161,Black Narcissus,Joe Henderson,,,false,,
162,Black Nile,Wayne Shorter,,,false,,
163,Blackberry Winter,Alec Wilder,,,false,,
164,Blame It On My Youth,Oscar Levant,,,false,,
165,Blood Count,Billy Strayhorn,,,false,,
166,Bloomdido,Charlie Parker,,,false,,
167,Blue (And Broken Hearted),Leslie-Handman-Clarke,,,false,,
168,Blue And Sentimental,Livingstone-David-Basie,,,false,,
169,Blue Bossa,Kenny Dorham,https://www.youtube.com/watch?v=VcPhzZgWxMM,,false,2026-06-16T07:15:10.750,
170,Blue Champagne,Watts-Ryerson-Eaton,,,false,,
171,Blue Daniel,Frank Rosolino,,,false,,
172,Blue In Green,"Miles Davis, Bill Evans",,,true,2026-06-16T12:46:51.524,
173,Blue Lou,Irving Mills,,,false,,
174,Blue Monk,Thelonious Monk,https://www.youtube.com/watch?v=yHKl0euhZI0,,false,2026-06-16T07:15:11.309,
175,Blue Moon,Richard Rodgers,,,false,,
176,"Blue Room, The",Richard Rodgers,,,false,,
177,Blue Silver,Horace Silver,,,false,,
178,Blue Skies,Irving Berlin,,,false,,
179,Blue Sphere,Thelonious Monk,,,false,,
180,Blue Turning Grey Over You,Fats Waller,,,false,,
181,Blueberry Hill,Lewis-Stock-Rose,,,false,,
182,Bluehawk,Thelonious Monk,,,false,,
183,Blues Connotation,Ornette Coleman,,,false,,
184,Blues Five Spot,Thelonious Monk,,,false,,
185,Blues For Alice,Charlie Parker,,,false,,
186,Blues For Wood,Woody Shaw,,,false,,
187,Blues In The Closet,Oscar Pettiford,https://www.youtube.com/watch?v=XXqZL9TdDV0,,false,,
188,Blues In The Night,Harold Arlen,,,false,,
189,Blues March,Benny Golson,,,false,,
190,Bluesette,Toots Thielemans,https://www.youtube.com/watch?v=yKnG_9q4crA,,false,,
191,Body And Soul,Johnny Green,https://www.youtube.com/watch?v=5D84aT7H6ys,,true,2026-06-16T07:17:06.188,
192,Bohemia After Dark,Oscar Pettiford,https://www.youtube.com/watch?v=OMaqzjSx7a4,,false,,
193,Bolivia,Cedar Walton,,,false,,
194,Boo Boo's Birthday,Thelonious Monk,,,false,,
195,Booker's Waltz,Booker Little,,,false,,
196,Boplicity,Cleo Henry,,,false,,
197,Born To Be Blue,Wells-Torme,,,false,,
198,Bossa Antigua,Paul Desmond,,,false,,
199,"Boulevard Of Broken Dreams, The",Dubin-Warren,,,false,,
200,Bouncin' With Bud,Bud Powell,,,false,,
201,Bourbon Street Parade,Paul Barbarin,,,false,,
202,"Boy Next Door, The",Martin-Blane,,,false,,
203,"Boy, What A Night",Lee Morgan,,,false,,
204,Brake's Sake,Thelonious Monk,,,false,,
205,Brazil (Aquarela Do Brasil),Ary Barroso,,,false,,
206,Brazilian Like,Michel Petrucciani,,,false,,
207,Brazilian Suite,Michel Petrucciani,,,false,,
208,"Breeze And I, The",Ernesto Lecuona,,,false,,
209,Bright Boy,John Bright,,,false,,
210,Bright Mississippi,Thelonious Monk,,,false,,
211,Bright Size Life,Pat Metheny,,,false,,
212,Brilliant Corners,Thelonious Monk,,,false,,
213,Broadway,William-Henri-Woode,https://youtu.be/VJpqA52tz3U?si=bcVTKJLl7kPNdDG3,,false,,
214,Brother Can You Spare A Dime,Yarburg-Gorney,,,false,,
215,Brotherhood Of Man,Frank Loesser,,,false,,
216,Bud Powell,Chick Corea,,,false,,
217,Budo,Davis-Powell,,,false,,
218,Bunko,Lennie Niehaus,,,false,,
219,But Beautiful,Jimmy Van-Heusen,,,false,,
220,But Not For Me,George Gershwin,https://youtu.be/R_f_mMJAezM?si=wrwfG4YWybk3V4_T,,true,2026-06-16T07:15:39.964,
221,Butch And Butch,Oliver Nelson,,,false,,
222,Butterfly,Herbie Hancock,,,false,,
223,Butterfly Dreams,Stanley Clarke,,,false,,
224,By Myself,Arthur Schwartz,,,false,,
225,Bye Bye Baby,Jule Styne,,,false,,
226,Bye Bye Blackbird,Ray Henderson,https://youtu.be/C6XaTLDHAN0?si=SnzuC1rtPS7aBriG,,true,2026-06-16T07:15:40.429,
227,Bye Bye Blues,Hamm-Bennett-Lown-Gray,,,false,,
228,Bye-Ya,Thelonious Monk,https://www.youtube.com/watch?v=pVkPWUsFIe0,,false,,
229,C-Jam Blues,Duke Ellington,https://www.youtube.com/watch?v=dLrC-BZiFuA,,false,2026-06-16T07:15:13.832,
230,C.T.A.,Jimmy Heath,,,false,,
231,C'est Si Bon,Henri Betti,,,false,,
232,Cabaret,Kander-Ebb,,,false,,
233,Cabin in the Sky,Vernon Duke,,,false,,
234,Call Me,Tony Hatch,,,false,,
235,Call Me Irresponsible,Jimmy Van-Heusen,,,false,,
236,Can't Help Lovin' Dat Man,Jerome Kern,,,false,,
237,Can't We Be Friends,Swift-James,,,false,,
238,Candy,David-Whitney-Kramer,,,false,,
239,Cantaloupe Island,Herbie Hancock,https://www.youtube.com/watch?v=8B1oIXGX0Io,,false,,
240,Captain Marvel,Chick Corea,,,false,,
241,Caravan,Duke Ellington,https://www.youtube.com/watch?v=YkLBSLxo5LE,,false,,
242,Caribbean Fire Dance,Joe Henderson,,,false,,
243,Catch Me,Joe Pass,,,false,,
244,Celia,Bud Powell,,,false,,
245,Central Park West,John Coltrane,,,false,,
246,Ceora,Lee Morgan,,,false,,
247,Chameleon,Herbie Hancock,https://www.youtube.com/watch?v=iqomTAiRnVM,,false,2026-06-16T07:21:56.487,
248,Chan's Song (Never Said),Herbie Hancock - Stevie Wonder,,,false,,
249,Change Of Heart,Pat Metheny,,,false,,
250,Change Partners,Irving Berlin,,,false,,
251,Chant,Duke Pearson,,,false,,
252,Charleston,James Johnson,,,false,,
253,"Chase, The",Dexter Gordon,,,false,,
254,Chasin' The Trane,John Coltrane,,,false,,
255,Cheek To Cheek,Irving Berlin,,,true,,
256,Cheers,Howard McGhee,,,false,,
257,Cheese Cake,Dexter Gordon,,,false,,
258,Cheetah,Kenny Burrell,,,false,,
259,Chega De Saudade (No More Blues),Antonio-Carlos Jobim,,,true,,
260,Chelsea Bridge,Billy Strayhorn,,,false,,
261,Cherokee,Ray Noble,https://www.youtube.com/watch?v=MLV7yLxswyY,,false,,
262,Cheryl,Charlie Parker,,,false,,
263,Chicago,Fred Fisher,,,false,,
264,"Chicken, The",Pee-Wee Ellis,,,false,,
265,Children Of The Night,Wayne Shorter,,,false,,
266,Chucho,Paquito D'Rivera,,,false,,
267,Close Enough For Love,Mandel-Williams,,,false,,
268,Close Your Eyes,Bernice Petkere,,,false,,
269,Cold Duck Time,Eddie Harris,,,false,,
270,Come Back To Me,"Alan Lerner, Burton Lane",,,false,,
271,Come Fly With Me,Jimmy Van-Heusen,,,false,,
272,Come Rain Or Come Shine,Harold Arlen,,,false,,
273,Come Sunday,Duke Ellington,,,false,,
274,Comes Love,Brown-Stept-Tobias,https://youtu.be/YjdIF7PuUug?si=vKQFB5HIBUcugBAs,,false,,
275,Comrade Conrad,Bill Evans,,,false,,
276,Con Alma,Dizzy Gillespie,,,false,,
277,Conception,George Shearing,,,false,,
278,Conference Of The Birds,Dave Holland,,,false,,
279,Confirmation,Charlie Parker,https://youtu.be/qHFSoE-3t-o?si=GgLKczyItUFx-uUQ,,false,,
280,Contemplation,McCoy Tyner,,,false,,
281,Continuum,Jaco Pastorius,,,false,,
282,"Cool One, The",Benny Golson,,,false,,
283,Copenhagen,Davis-Melrose,,,false,,
284,Coral,Keith Jarrett,,,false,,
285,Corcovado,Antonio-Carlos Jobim,https://youtu.be/VEMWhrfFVDc?si=Oj2_B5XMwsGmh6WQ,,true,,
286,"Core, The",Freddie Hubbard,,,false,,
287,Cottage For Sale,Willard Robison,,,false,,
288,Cotton Tail,Duke Ellington,,,false,,
289,Could It Be You,Cole Porter,,,false,,
290,Countdown,John Coltrane,,,false,,
291,Country,Keith Jarrett,,,false,,
292,Cousin Mary,John Coltrane,,,false,,
293,Crazy He Calls Me,Carl Sigman,,,false,,
294,Crazy Rhythm,Wolfe-Kahn-Meyer,,,false,,
295,Creole Love Call,Duke Ellington,,,false,,
296,Crepuscule With Nellie,Thelonious Monk,,,false,,
297,Crisis,Freddie Hubbard,,,false,,
298,Criss Cross,Thelonious Monk,,,false,,
299,Crosscurrent,Lennie Tristano,,,false,,
300,Cry Me A River,Arthur Hamilton,,,false,,
301,Crystal Silence,Chick Corea,,,false,,
302,Cute,Neal Hefti,,,false,,
303,Cyclic Episode,Sam Rivers,,,false,,
304,Cynthia's In Love,Owens-White-Gish,,,false,,
305,Daahoud,Clifford Brown,,,false,,
306,Dance Cadaverous,Wayne Shorter,,,false,,
307,Dance Of The Infidels,Bud Powell,,,false,,
308,Dancing In The Dark,Arthur Schwartz,,,false,,
309,Dancing On The Ceiling,Richard Rodgers,,,false,,
310,Danny Boy,Traditional,,,false,,
311,Darn That Dream,Jimmy Van-Heusen,,,false,,
312,Dat Dere,Bobby Timmons,,,false,,
313,Day By Day,Cahn-Stordahl-Weston,,,false,,
314,Day Dream,Strayhorn-Ellington,,,false,,
315,Day Dreaming,Jerome Kern,,,false,,
316,"Day In, Day Out",Rube Bloom,,,false,,
317,Day Waves,Chick Corea,,,false,,
318,Daybreak,Adamson-Grofe,,,false,,
319,Days And Nights Waiting,Keith Jarrett,,,false,,
320,Days Of Wine And Roses,Henry Mancini,https://youtu.be/RmHkaCAt9vM?si=U8-ykKGzLd3Dj8Kz,,false,2026-06-16T07:17:12.764,
321,Dear John,Freddie Hubbard,,,false,,
322,Dear Lord,John Coltrane,,,false,,
323,Dear Old Stockholm,Traditional,,,false,,
324,Dearly Beloved,Jerome Kern,,,false,,
325,Decision,Sonny Rollins,,,false,,
326,Dedicated To You,Cahn-Chaplin-Zaret,,,false,,
327,Deed I Do,Hirsch-Rose,,,false,,
328,Deep Purple,Peter De-Rose,,,false,,
329,Del Sasser,Sam Jones,,,false,,
330,Deluge,Wayne Shorter,,,false,,
331,Desafinado,Antonio-Carlos Jobim,https://www.youtube.com/watch?v=tCMhuN3053o,,false,,
332,Desafinado (Original),Antonio-Carlos Jobim,,,false,,
333,Desert Air,Chick Corea,,,false,,
334,Detour Ahead,Frigo - Carter - Ellis,,,false,,
335,Devil May Care,Dorough-Kirk,,,false,,
336,Dewey Square,Charlie Parker,,,false,,
337,Dexterity,Charlie Parker,,,false,,
338,Diane,Rapee-pollack,,,false,,
339,Dienda,Kenny Kirkland,,,false,,
340,Dig,Miles Davis,,,false,,
341,Dinah,Harry Akst,,,false,,
342,Dindi,Antonio-Carlos Jobim,,,false,,
343,Diverse,Charlie Parker,,,false,,
344,Django,John Lewis,,,false,,
345,Do It Again,Gershwin-De Sylva,,,false,,
346,Do Nothin' Til You Hear From Me,Duke Ellington,https://www.youtube.com/watch?v=Mof78pIa92M,,true,2026-06-16T12:46:56.155,
347,Do You Know What It Means?,Louis Alter,,,false,,
348,Dolores,Wayne Shorter,,,false,,
349,Dolphin Dance,Herbie Hancock,,,true,,
350,"Dolphin, The",Luiz Eca,,,false,,
351,Domingo,Benny Golson,,,false,,
352,Don't Be That Way,Edgar Sampson,,,false,,
353,Don't Blame Me,Jimmy McHugh,,,false,,
354,Don't Explain,Billie Holiday,,,false,,
355,Don't Fence Me In,Cole Porter,,,false,,
356,Don't Get Around Much Anymore,Duke Ellington,https://youtu.be/lEIhNZd9xEE?si=rMqtAWtgdAENvXUm,,true,2026-06-16T07:17:19.334,
357,Don't Go To Strangers,Kent-Mason-Evans,,,false,,
358,Don't Know Why,Jesse Harris,,,false,,
359,Don't Misunderstand,Gordon Parks,,,false,,
360,Don't Take Your Love From Me,Henry Nemo,,,false,,
361,Don't Worry 'Bout Me,Rube Bloom,,,false,,
362,Donna Lee,Charlie Parker,https://www.youtube.com/watch?v=02apSoxB7B4,,false,,
363,Down By The Riverside,Traditional,,,false,,
364,Down For Double,Freddie Green,,,false,,
365,Down In The Depths,Cole Porter,,,false,,
366,Doxy,Sonny Rollins,https://www.youtube.com/watch?v=VWreJOSbIQQ,,false,,
367,Dream,Johnny Mercer,,,false,,
368,Dream A Little Dream Of Me,Schwendt-Andre-Kahn,,,false,,
369,Dream Dancing,Cole Porter,,,false,,
370,Dreamsville,Henry Mancini,,,false,,
371,Driftin',Herbie Hancock,,,false,,
372,Duke Ellington's Sound Of Love,Charles Mingus,,,false,,
373,"Duke, The",Dave Brubeck,,,false,,
374,E.S.P.,Wayne Shorter,,,false,,
375,Early Autumn,Burns-Herman,,,false,,
376,East Of The Sun,Brooks Bowman,https://youtu.be/1CvZqCNyEBc?si=Xtf1ZeGO5cc3EJOO,,false,,
377,East St. Louis Toodle-oo,Ellington-Milley,,,false,,
378,Easter Parade,Irving Berlin,,,false,,
379,Easy Does It,Oliver-Young,,,false,,
380,Easy Living,Ralph Rainger,,,false,,
381,Easy Street,Alan Jones,,,false,,
382,Easy To Love,Cole Porter,,,false,,
383,Ecaroh,Horace Silver,,,false,,
384,Eclypso,Tommy Flanagan,,,false,,
385,Edda,Wayne Shorter,,,false,,
386,Eiderdown,Steve Swallow,,,false,,
387,Eighty One,Ron Carter,,,false,,
388,Eisenhower,John Scofield,,,false,,
389,El Cajon,Johnny Mandel,,,false,,
390,El Gaucho,Wayne Shorter,,,false,,
391,Elora,J.J. Johnson,,,false,,
392,Embraceable You,George Gershwin,,,false,,
393,Emily,Johnny Mandel,,,false,,
394,"End Of A Love Affair, The",Edward Redding,,,false,,
395,Epilogue,Bill Evans,,,false,,
396,Epistrophy,"Thelonious Monk, Kenny Clarke",https://youtu.be/hLopWusx-ZU?si=f32UZmF5Ub8-6ME7,,false,,
397,Equinox,John Coltrane,https://www.youtube.com/watch?v=5m2HN2y0yV8,,false,,
398,Eronel,Thelonious Monk,,,false,,
399,Estate,Bruno Martino,,,false,,
400,Eternal Triangle,Sonny Stitt,,,false,,
401,Every Time We Say Goodbye,Cole Porter,,,false,,
402,Everybody's Song But My Own,Kenny Wheeler,,,false,,
403,Everything Happens To Me,Matt Dennis,,,false,,
404,Everything I Have Is Yours,Burton Lane,,,false,,
405,Everything I Love,Cole Porter,,,false,,
406,Everything I've Got Belongs To You,Rodgers-Hart,,,false,,
407,Evidence,Thelonious Monk,,,false,,
408,Exactly Like You,Jimmy McHugh,,,false,,
409,Eye of the Hurricane,Herbie Hancock,,,false,,
410,Fall,Wayne Shorter,,,false,,
411,Falling Grace,Steve Swallow,,,false,,
412,Falling In Love Again,Frederick Hollander,,,false,,
413,Falling In Love With Love,Richard Rodgers,,,false,,
414,Fantasy in D (or Ugetsu),Cedar Walton,,,false,,
415,Farmer's Trust,Pat Metheny,,,false,,
416,Fascinating Rhythm,George Gershwin,,,false,,
417,Fascination,Fernando-Dante Marchetti,,,false,,
418,Favela,Antonio-Carlos Jobim,,,false,,
419,Fee-Fi-Fo-Fum,Wayne Shorter,,,false,,
420,Feel Like Makin' Love,Eugene McDaniels,,,false,,
421,Feels So Good,Chuck Mangione,,,false,,
422,Fever,Davenport-Cooley,,,false,,
423,Fine And Dandy,Kay Swift,,,false,,
424,Fine And Mellow,Billie Holiday,,,false,,
425,Firm Roots,Cedar Walton,,,false,,
426,First Song,Charlie Haden,,,false,,
427,Five Brothers,Gerry Mulligan,,,false,,
428,Flamenco Sketches,Davis-Evans,,,false,,
429,Flamingo,Ted Grouya,,,false,,
430,Flat Foot Floogee,Gaillard-Stuart-Green,,,false,,
431,Flintstones,Hoyt Curtain,,,false,,
432,Fly Me To The Moon,Bart Howard,https://youtu.be/JYuyWrkwpok?si=yxPDoX7Bmk2zYZYn,,false,2026-06-16T07:17:20.480,
433,Flying Home,Goodman-Hampton,,,false,,
434,"Folks Who Live On The Hill, The",Jerome Kern,,,false,,
435,Fools Rush In,Rube Bloom,,,false,,
436,Footprints,Wayne Shorter,https://www.youtube.com/watch?v=LgaIUqH0w6c,,false,2026-06-16T07:17:28.499,
437,For All We Know,Fred Coots,,,false,,
438,For Heaven's Sake,Edwards-Meyer-Bretton,,,false,,
439,For Jan,Kenny Wheeler,,,false,,
440,For Minors Only,Jimmy Heath,,,false,,
441,For Once In My Life,Orlando Murden,,,false,,
442,For Sentimental Reasons,William Best,,,false,,
443,"For You, For Me, For Evermore",George Gershwin,,,false,,
444,Forest Flower,Charles Lloyd,,,false,,
445,Forever Sonny,Jimmy Heath,,,false,,
446,Four,Miles Davis,https://www.youtube.com/watch?v=d_dSxV1bm4Q,,true,,
447,Four Brothers,Jimmy Giuffre,,,false,,
448,Four In One,Thelonious Monk,,,false,,
449,Four On Six,Wes Montgomery,,,true,,
450,Fran Dance,Miles Davis,,,false,,
451,Freckle Face,Sammy Nestico,,,false,,
452,Freddie Freeloader,Miles Davis,https://www.youtube.com/watch?v=ZZcuSBouhVA,,false,,
453,Freight Train,Tommy Flanagan,,,false,,
454,Frenesi,Alberto Dominguez,,,false,,
455,Friday The 13th,Thelonious Monk,,,false,,
456,"Frim Fram Sauce, The",Joe Richardel,,,false,,
457,From This Moment On,Cole Porter,,,false,,
458,Fuchsia Swing Song,Sam Rivers,,,false,,
459,Full House,Wes Montgomery,,,false,,
460,Funk In Deep Freeze,Hank Mobley,,,false,,
461,Funkallero,Bill Evans,,,false,,
462,Gallop's Gallop,Thelonious Monk,,,false,,
463,Gary's Notebook,Lee Morgan,,,false,,
464,"Gee Baby, Ain't I Good To You",Don Redman,,,false,,
465,"Gentle Rain, The",Luiz Bonfa,https://youtu.be/_voa1yQRjEw?si=a0j7joN1ddfmEHKL,,false,,
466,Gentle Wind And Falling Tear,Gary Burton,,,false,,
467,Georgia On My Mind,Hoagy Carmichael,https://youtu.be/ggGzE5KfCio?si=6IA4MFayWsDBHdh6,,false,2026-06-16T07:25:19.000,
468,Get Happy,Harold Arlen,,,false,,
469,Get Me To The Church On Time,Alan Lerner,,,false,,
470,Get Out Of Town,Cole Porter,,,false,,
471,Giant Steps,John Coltrane,,,false,,
472,"Girl From Ipanema, The",Antonio-Carlos Jobim,https://www.youtube.com/watch?v=AWxyzVbiT98,,true,2026-06-16T12:47:01.779,
473,Girl Talk,Neal Hefti,,,false,,
474,Give Me The Simple Life,Rube Bloom,,,false,,
475,Glad To Be Unhappy,Rodgers-Hart,,,false,,
476,Gloria's Step,Scott LaFaro,,,false,,
477,"Glory Of Love, The",Billy Hill,,,false,,
478,God Bless The Child,Herzog-Holiday,,,false,,
479,Godchild,George Wallington,,,false,,
480,Golden Earring,Jay Livingston,,,false,,
481,Gone With The Wind,Allie Wrubel,,,false,,
482,Good Bait,Tadd Dameron,,,false,,
483,"Good Life, The",Sacha Distel,,,false,,
484,Good Morning Heartache,Drake-Fisher-Higginbotham,,,false,,
485,Goodbye,Gordon Jenkins,,,false,,
486,Goodbye Pork Pie Hat,Charles Mingus,,,false,,
487,Got A Match?,Chick Corea,,,false,,
488,Grand Central,John Coltrane,,,false,,
489,"Gravy Waltz, The",Ray Brown,,,false,,
490,Green Chimneys,Thelonious Monk,,,false,,
491,Gregory Is Here,Horace Silver,,,false,,
492,Groovin' High,Dizzy Gillespie,https://www.youtube.com/watch?v=J2IPyGv_sx8,,false,,
493,H & H,Pat Metheny,,,false,,
494,Hackensack,Thelonious Monk,,,false,,
495,Half Nelson,Miles Davis,,,false,,
496,Hallelujah I Love Her So,Ray Charles,,,false,,
497,Hallucinations,Bud Powell,,,false,,
498,Happiness Is A Thing Called Joe,Harold Arlen,,,false,,
499,Happy Little Sunbeam,Russ Freeman,,,false,,
500,Happy Talk,Rodgers-Hammerstein II,,,false,,
501,Harlem Nocturne,Hagen-Rogers,,,false,,
502,Harlequin,Wayne Shorter,,,false,,
503,Haunted Heart,Arthur Schwartz,,,false,,
504,Have You Met Miss Jones?,Richard Rodgers,https://youtu.be/O6JyYasCjFI?si=wxuVcfy0HkdopstA,,false,2026-06-16T07:15:42.224,
505,He's A Tramp,Lee-Burke,,,false,,
506,Heart And Soul,Hoagy Carmichael,,,false,,
507,Heat Wave,Irving Berlin,,,false,,
508,Heaven,Duke Ellington,,,false,,
509,Hello,Milt Jackson,,,false,,
510,Hello Dolly,Jerry Herman,,,false,,
511,Hello Young Lovers,Richard Rogers,,,false,,
512,Here's That Rainy Day,Jimmy Van-Heusen,,,false,,
513,Here's That Sunny Day,Barney Kessel,,,false,,
514,Here's To Life,Artie Butler,,,false,,
515,Here's To My Lady,Bloom-Mercer,,,false,,
516,Herzog,Bobby Hutcherson,,,false,,
517,Hey There,Alder-Ross,,,false,,
518,Heyoke,Kenny Wheeler,,,false,,
519,Hideaway,David Sanborn,,,false,,
520,High Fly,Randy Weston,,,false,,
521,High Hopes,Jimmy Van-Heusen,,,false,,
522,Hindsight,Cedar Walton,,,false,,
523,Hocus-Pocus,Lee Morgan,,,false,,
524,Holy Land,Cedar Walton,,,false,,
525,Home At Last,Hank Mobley,,,false,,
526,Home Cookin',Horace Silver,,,false,,
527,Homecoming,Dave Holland,,,false,,
528,Honeysuckle Rose,Fats Waller,https://www.youtube.com/watch?v=-7zm8v9reDo,,false,,
529,Horace-Scope,Horace Silver,,,false,,
530,Hot House,Tadd Dameron,,,false,,
531,House Of Jade,Wayne Shorter,,,false,,
532,How About You,Burton Lane,,,false,,
533,How Are Things In Glocca Morra,Burton Lane,,,false,,
534,How Deep Is The Ocean,Irving Berlin,,,false,,
535,How High The Moon,Morgan Lewis,https://youtu.be/XAwYLQLs3Do?si=Vg6vVO4IJ6BJImKg,,true,2026-06-16T12:47:04.196,
536,How Insensitive,Antonio-Carlos Jobim,,,false,,
537,How Little We Know,Hoagy Carmichael,,,false,,
538,How Long Has This Been Going On?,George Gershwin,,,false,,
539,How My Heart Sings,Earl Zindars,,,false,,
540,Humpty Dumpty,Chick Corea,,,false,,
541,Hungaria,Django Reinhardt,,,false,,
542,I Ain't Got Nobody,Graham-Williams,,,false,,
543,I Believe In You,Frank Loesser,,,false,,
544,I Can't Believe That You're In Love With Me,Jimmy McHugh,,,false,,
545,I Can't Get Started,Vernon Duke,,,false,,
546,I Can't Give You Anything But Love,Jimmy McHugh,,,false,,
547,I Concentrate On You,Cole Porter,,,false,,
548,I Could Have Danced All Night,Frederick Loewe,,,false,,
549,I Could Write A Book,Richard Rodgers,,,false,,
550,I Cover The Waterfront,Johnny Green,,,false,,
551,I Cried For You,Freed-Arnheim-Lyman,,,false,,
552,I Didn't Know About You,Duke Ellington,,,false,,
553,I Didn't Know What Time It Was,Richard Rodgers,,,false,,
554,I Don't Know Enough About You,Peggy Lee,,,false,,
555,I Don't Want To Miss Mississippi,Serger Ellis,,,false,,
556,I Fall In Love Too Easily,Jule Styne,,,false,,
557,I Feel Pretty,Bernstein-Sondheim,,,false,,
558,I Found A New Baby,Palmer-Williams,,,false,,
559,I Get A Kick Out Of You,Cole Porter,,,false,,
560,I Get Along Without You,Hoagy Carmichael,,,false,,
561,I Got It Bad,Duke Ellington,,,false,,
562,I Got Rhythm,George Gershwin,https://www.youtube.com/watch?v=oQdeTbUDCiw,,true,2026-06-16T12:47:03.811,
563,I Got The Sun In The Morning,Irving Berlin,,,false,,
564,I Gotta Right To Sing The Blues,Harold Arlen,,,false,,
565,I Guess I'll Hang My Tears Out To Dry,Jule Styne,,,false,,
566,I Guess I'll Have To Change My Plan,Arthur Schwartz,,,false,,
567,I Hadn't Anyone Till You,Ray Noble,,,false,,
568,I Have Dreamed,Rodgers-Hammerstein,,,false,,
569,I Hear A Rhapsody,Fragos-Baker-Gasparre,,,false,,
570,I Hear Music,Burton Lane,,,false,,
571,I Left My Heart In San Francisco,George Cory,,,false,,
572,I Let A Song Go Out Of My Heart,Duke Ellington,,,false,,
573,I Like The Likes Of You,Vernon Duke,,,false,,
574,I Love Being Here With You,"Bill Schluger, Peggy Lee",,,false,,
575,I Love Paris,Cole Porter,,,false,,
576,I Love You,Cole Porter,,,false,,
577,I Loves You Porgy,George Gershwin,,,false,,
578,I May Be Wrong,Henry Sullivan,,,false,,
579,I Mean You,Thelonious Monk,,,false,,
580,I Only Have Eyes For You,Harry Warren,,,false,,
581,I Remember Clifford,Benny Golson,,,false,,
582,I Remember You,Victor Schertzinger,https://youtu.be/uI0T-Rau33g?si=wv-DnQPGyXYqdGTO,,false,,
583,I See Your Face Before Me,Arthur Schwartz,,,false,,
584,I Should Care,Cahn-Stordahl-Weston,,,false,,
585,I Surrender Dear,Harry Barris,,,false,,
586,I Think Of You,Elliot-Marcotte,,,false,,
587,I Thought About You,Jimmy Van-Heusen,,,false,,
588,I Used To Be Color Blind,Irving Berlin,,,false,,
589,I Want To Be Happy,Vincent Youmans,,,false,,
590,I Want To Talk About You,Billy Eckstine,,,false,,
591,I Was Doing All Right,George Gershwin,,,false,,
592,I Will Wait For You,Michel Legrand,,,false,,
593,I Wish I Knew,Harry Warren,,,false,,
594,I Wish I Knew How It Would Feel To Be Free,Billy Taylor,https://youtu.be/jlH_XFuf3wU?si=_dL7dytsWzt1pUhY,,false,,
595,I Wish I Were In Love Again,Richard Rodgers,,,false,,
596,I Wish You Love,Charles Trenet,,,false,,
597,I Won't Dance,Jerome Kern,,,false,,
598,I'll Be Around,Alec Wilder,,,false,,
599,I'll Be Seeing You,Sammy Fain,,,false,,
600,I'll Close My Eyes,Reid-Kaye,,,false,,
601,I'll Get By (As Long As I Have You),Ahlert-Turk,,,false,,
602,I'll Never Be The Same,Khan-Malneck-Signorelli,,,false,,
603,I'll Never Smile Again,Ruth Lowe,,,false,,
604,I'll Only Miss Her When I Think Of Her,Cahn-VanHeusen,,,false,,
605,I'll Remember April,Raye-DePaul,https://youtu.be/pTaQ-pqzPU4?si=O6wHnvvij-Fgp8-e,,false,,
606,I'll See You In My Dreams,Jones-Kahn,,,false,,
607,I'll Take Romance,Ben Oakland,,,false,,
608,I'm A Fool To Want You,Herron-Sinatra-Wolf,,,false,,
609,I'm All Smiles,Leonard-Martin,,,false,,
610,I'm Always Chasing Rainbows,Harry Carroll,,,false,,
611,I'm An Old Cowhand,Johnny Mercer,,,false,,
612,I'm Beginning To See The Light,Hodges-James-Ellington,,,false,,
613,I'm Confessin' (That I Love You),Daugherty-Neiberg-Reynolds,,,false,,
614,I'm Getting Sentimental Over You,George Bassman,,,false,,
615,I'm Glad There Is You,Jimmy Dorsey,,,false,,
616,I'm Gonna Laugh You Right Out Of My Life,Cy Coleman,,,false,,
617,I'm Gonna Sit Right Down and Write Myself A Letter,Fred Ahlert,,,false,,
618,I'm In The Mood For Love,Jimmy McHugh,,,false,,
619,I'm Just A Lucky So-And-So,Duke Ellington,,,false,,
620,I'm Old Fashioned,Jerome Kern,,,false,,
621,I'm Putting All My Eggs In One Basket,Irving Berlin,,,false,,
622,I'm Sitting On Top Of The World,Louis-Henderson-Young,,,false,,
623,I'm Through With Love,Kahn-Malneck-Livingston,,,false,,
624,I've Found A New Baby,Palmer-Williams,,,false,,
625,I've Got A Crush On You,George Gershwin,,,false,,
626,I've Got My Love To Keep Me Warm,Irving Berlin,,,false,,
627,I've Got The World On A String,Harold Arlen,,,false,,
628,I've Got You Under My Skin,Cole Porter,,,false,,
629,I've Grown Accustomed To Her Face,Frederick Loewe,,,false,,
630,I've Heard That Song Before,Jule Styne,,,false,,
631,I've Never Been In Love Before,Frank Loesser,,,false,,
632,I've Told Eve'ry Little Star,Jerome Kern,,,false,,
633,Idle Moments,Grant Green,,,false,,
634,If Ever I Would Leave You,Frederick Loewe,,,false,,
635,If I Could Be With You,James Johnson,,,false,,
636,If I Didn't Care,Jack Lawrence,,,false,,
637,If I Had You,Campbell-Connelly-Shapiro,,,false,,
638,If I Knew Then (What I Know Now),Jurgens-Howard,,,false,,
639,If I Loved You,Richard Rodgers,,,false,,
640,If I Ruled The World,Leslie Bricusse,,,false,,
641,If I Should Lose You,Ralph Rainger,,,false,,
642,If I Were A Bell,Frank Loesser,,,false,,
643,If There Is Someone Lovelier,Dietz-Schwartz,,,false,,
644,If You Could See Me Now,Tadd Dameron,,,false,,
645,If You Ever Should Leave,Cahn-Chaplin,,,false,,
646,If You Never Come To Me (Inutil Paisagem),Antonio-Carlos Jobim,,,false,,
647,Ill Wind,Harold Arlen,,,false,,
648,Imagination,Jimmy Van-Heusen,,,false,,
649,Impressions,John Coltrane,https://www.youtube.com/watch?v=03juO5oS2gg,,false,,
650,In A Little Spanish Town,Wayne-Lewis-Young,,,false,,
651,In A Mellow Tone (In A Mellotone),Duke Ellington,https://www.youtube.com/watch?v=sorqKmPcnMs,,false,,
652,In a Sentimental Mood,Duke Ellington,,,true,2026-06-16T12:47:05.148,
653,In A Shanty In Old Shanty Town,Little-Siras,,,false,,
654,In A Silent Way,Josef Zawinul,,,false,,
655,In Her Family,Pat Metheny,,,false,,
656,In Love In Vain,Leo Robin Jerome Kern,,,false,,
657,In Pursuit Of The 27th Man,Horace Silver,,,false,,
658,"In The Cool, Cool, Cool Of The Evening",Hoagy Carmichael,,,false,,
659,In The Middle Of A Kiss,Sam Coslow,,,false,,
660,In The Still Of The Night,Cole Porter,,,false,,
661,In The Wee Small Hours Of The Morning,Mann-Hilliard,,,false,,
662,In Walked Bud,Thelonious Monk,https://www.youtube.com/watch?v=glBvp8dQN6c,,false,,
663,In Your Own Sweet Way,Dave Brubeck,,,false,,
664,Incentive,Horace Silver,,,false,,
665,"Inch Worm, The",Frank Loesser,,,false,,
666,Indian Summer,Victor-Aldubin-Herbert,,,false,,
667,Indiana (Back Home Again In),James Hanley,,,false,,
668,Infant Eyes,Wayne Shorter,,,false,,
669,Inner Urge,Joe Henderson,,,false,,
670,Interplay,Bill Evans,,,false,,
671,"Intrepid Fox, The",Freddie Hubbard,,,false,,
672,Invitation,Bronislau Kaper,https://www.youtube.com/watch?v=PydrsjLX2aM,,false,,
673,Iris,Wayne Shorter,,,false,,
674,Irresistable You,Gene DePaul,,,false,,
675,Is That So?,Duke Pearson,,,false,,
676,Is You Is Or Is You Ain't (Ma' Baby),Austin-Jordan,,,false,,
677,Isfahan,Strayhorn-Ellington,https://www.youtube.com/watch?v=wXm-6sPDCm0,,false,,
678,Island Birdie,McCoy Tyner,,,false,,
679,Isn't It A Pity,George Gershwin,,,false,,
680,Isn't It Romantic?,Richard Rodgers,,,false,,
681,Isn't This A Lovely Day (To Be Caught In The Rain),Irving Berlin,,,false,,
682,Isotope,Joe Henderson,,,false,,
683,Israel,John Carisi,,,false,,
684,It Ain't Necessarily So,George Gershwin,,,false,,
685,It Could Happen To You,Jimmy Van-Heusen,https://www.youtube.com/watch?v=VukoOK8_ov8,,false,,
686,It Don't Mean A Thing,Duke Ellington,,,false,,
687,It Had To Be You,Isham Jones,,,false,,
688,It Might As Well Be Spring,Richard Rodgers,,,false,,
689,It Never Entered My Mind,Richard Rodgers,,,false,,
690,It Only Happens When I Dance With You,Irving Berlin,,,false,,
691,It Was So Good While It Lasted,Poll-Ackers,,,false,,
692,It's A Big Wide Wonderful World,John Rox,,,false,,
693,It's A Blue World,Wright-Forrest,,,false,,
694,It's A Dance,Michel Petrucciani,,,false,,
695,It's A Good Day,Peggy Lee,,,false,,
696,It's A Lovely Day Today,Irving Berlin,,,false,,
697,It's A Raggy Waltz,Dave Brubeck,,,false,,
698,It's All Right With Me,Cole Porter,,,false,,
699,It's Been A Long Long Time,Jule Styne,,,false,,
700,It's De-lovely,Cole Porter,,,false,,
701,It's Easy To Remember,Richard Rodgers,,,false,,
702,It's Impossible,Armando Manzanero,,,false,,
703,It's Just Talk,Pat Metheny,,,false,,
704,It's Magic,Jule Styne,,,false,,
705,It's Only a Paper Moon,Harold Arlen,,,false,,
706,It's The Talk Of The Town,Jerry Livingston,,,false,,
707,It's You Or No One,Jule Styne,,,false,,
708,Jackie-ing,Thelonious Monk,,,false,,
709,Jaco,Pat Metheny,,,false,,
710,James,Pat Metheny,,,false,,
711,Jazz Folk,John Abercrombie,,,false,,
712,Je Ne Sais Pas,Hampton-Jones,,,false,,
713,Jeannie's Song,Marchel Ivery,,,false,,
714,Jeannine,Duke Pearson,,,false,,
715,Jeepers Creepers,Harry Warren,,,false,,
716,Jersey Bounce,Plater-Bradshaw-Johnson,,,false,,
717,Jinrikisha,Joe Henderson,,,false,,
718,Jitterbug Waltz,Fats Waller,,,false,,
719,"Jody Grind, The",Horace Silver,,,false,,
720,Johnny Come Lately,Billy Strayhorn,,,false,,
721,"Joker, The",Lee Morgan,,,false,,
722,Jordu,Duke Jordan,,,false,,
723,Joshua,Victor Feldman,,,false,,
724,Joy Spring,Clifford Brown,,,false,,
725,Juju,Wayne Shorter,,,false,,
726,Jumpin With Symphony Sid,Lester Young,,,false,,
727,Just A Gigolo,Leonello Casucci,,,false,,
728,Just A-Sittin' And A-Rockin,Ellington-Strayhorn-Gaines,,,false,,
729,Just Friends,John Klenner,https://youtu.be/mWQc_1b3sNg?si=So8Enn9oiRi22gQ3,,true,,
730,Just In Time,Jule Styne,,,false,,
731,Just In Tune,John Abercrombie,,,false,,
732,Just One More Chance,Johnston-Coslow,,,false,,
733,Just One Of Those Things,Cole Porter,,,false,,
734,Just Squeeze Me,Duke Ellington,,,false,,
735,"Just You, Just Me",Jesse Greer,,,false,,
736,Kary's Trance,Lee Konitz,,,false,,
737,Katrina Ballerina,Woody Shaw,,,false,,
738,Keepin' Myself For You,Vincent Youmans,,,false,,
739,"Kicker, The",Joe Henderson,,,false,,
740,Kids Are Pretty People,Thad Jones,,,false,,
741,Killer Joe,Benny Golson,,,false,,
742,Klactoveedsedstene,Charlie Parker,,,false,,
743,Ko Ko,Charlie Parker,,,false,,
744,L.O.V.E.,Gabler-Kaempfert,,,false,,
745,La Fiesta,Chick Corea,,,false,,
746,La Vie En Rose,Guglielmi-Piaf-David,,,false,,
747,Ladies In Mercedes,Steve Swallow,,,false,,
748,Lady Bird,Tadd Dameron,https://www.youtube.com/watch?v=kY5EOn3tb1k,,false,2026-06-16T07:15:16.214,
749,"Lady is a Tramp, The",Richard Rodgers,,,false,,
750,Lady Sings The Blues,Nichols-Holiday,,,false,,
751,"Lady's In Love With You, The",Burton Lane,,,false,,
752,Lakes,Pat Metheny,,,false,,
753,Lament,J.J. Johnson,,,false,,
754,"Lamp Is Low, The",DeRose-Shefter,,,false,,
755,Last Night When We Were Young,Harold Arlen,,,false,,
756,"Last Time I Saw Paris, The",Henry Mancini,,,false,,
757,Last Train Home,Pat Metheny,,,false,,
758,Laura,David Raksin,https://youtu.be/30bMapbz3po?si=hI-o9NdLw4DIIgl4,,false,,
759,Laurie,Bill Evans,,,false,,
760,Lazy Afternoon,Latouche-Moross,,,false,,
761,Lazy Bird,John Coltrane,,,false,,
762,Lazy River,Hoagy Carmichael,,,false,,
763,Lazybones,Carmichael-Mercer,,,false,,
764,Leaving,Richie Beirach,,,false,,
765,Leila,Wes Montgomery,,,false,,
766,Lennie-Bird,Lennie Tristano,,,false,,
767,Lennie's Pennies,Lennie Tristano,,,false,,
768,Let There Be Love,Rand-Grant,,,false,,
769,Let There Be You,Young-Cavanaugh,,,false,,
770,Let's Call The Whole Thing Off,George Gershwin,,,false,,
771,Let's Call This,Thelonious Monk,,,false,,
772,Let's Cool One,Thelonious Monk,,,false,,
773,Let's Do It (Let's Fall In Love),Cole Porter,,,false,,
774,Let's Face The Music And Dance,Irving Berlin,,,false,,
775,Let's Fall In Love,Harold Arlen,,,false,,
776,Let's Get Away From It All,Dennis-Adair,,,false,,
777,Let's Get Lost,Jimmy McHugh,,,false,,
778,Li'l Darling,Neal Hefti,,,false,,
779,Liberia,John Coltrane,,,false,,
780,Light Blue,Thelonious Monk,,,false,,
781,Ligia,Antonio-Carlos Jobim,,,false,,
782,Like A Lover,Dori Caymmi-Nelson Motta,,,false,,
783,Like Someone In Love,Jimmy Van-Heusen,https://youtu.be/QFoapxPvZy4?si=Pzv8uZEfSVXYsQ__,,false,,
784,Like Sonny,John Coltrane,,,false,,
785,Lily of The Valley,Traditional,,,false,,
786,Limbo,Wayne Shorter,,,false,,
787,Limehouse Blues,Braham-Furber,,,false,,
788,Line For Lyons,Gerry Mulligan,,,false,,
789,Linger Awhile,Vincent Rose,,,false,,
790,Litha,Chick Corea,,,false,,
791,Little B's Poem,Bobby Hutcherson,,,false,,
792,Little Boat (O Barquinho),Roberto Menescal,,,false,,
793,Little Chicago Fire,Frank Foster,,,false,,
794,Little Dancer,Tom Harrell,,,false,,
795,Little Girl Blue,Richard Rodgers,,,false,,
796,Little Niles,Randy Weston,,,false,,
797,Little Peace In C For You,Michel Petrucciani,,,false,,
798,Little Rootie Tootie,Thelonious Monk,,,false,,
799,Little Sunflower,Freddie Hubbard,,,false,,
800,Little Waltz,Ron Carter,,,false,,
801,Little Willie Leaps,Charlie Parker,,,false,,
802,Liza,George Gershwin,,,false,,
803,Locomotion,John Coltrane,,,false,,
804,Lone Jack (Page 1),Pat Metheny,,,false,,
805,Lone Jack (Page 2 - Solos),Pat Metheny,,,false,,
806,Lonely Dreams,Terry Gibbs,,,false,,
807,Lonely Woman,Horace Silver,,,false,,
808,"Lonesome Road, The",Austin-Shilkret,,,false,,
809,Long Ago And Far Away,Jerome Kern,,,false,,
810,Lonnie's Lament,John Coltrane,,,false,,
811,Look For The Silver Lining,Jerome Kern,,,false,,
812,"Look Of Love, The",Burt Bacharach,,,false,,
813,Look To The Rainbow,Burton Lane,,,false,,
814,Look To The Sky,Antonio-Carlos Jobim,,,false,,
815,Looking Up,Michel Petrucciani,,,false,,
816,"Loop, The",Chick Corea,,,false,,
817,Lost,Wayne Shorter,,,false,,
818,Lotus Blossom,Billy Strayhorn,,,false,,
819,Love For Sale,Cole Porter,,,false,,
820,Love Is Just Around The Corner,Lewis Gensler,,,false,,
821,Love Is The Sweetest Thing,Ray Noble,,,false,,
822,Love Letters,Victor Young,,,false,,
823,Love Me Or Leave Me,Walter Donaldson,,,false,,
824,"Love Nest, The",Louis Hirsch,,,false,,
825,Love Vibrations,Horace Silver,,,false,,
826,Love Walked In,George Gershwin,,,false,,
827,Lover,Richard Rodgers,,,false,,
828,Lover Man,Davis-Ramirez-Sherman,,,false,,
829,"Lover, Come Back To Me",Sigmund Romberg,,,false,,
830,Lucky Southern,Keith Jarrett,https://www.youtube.com/watch?v=LFMRwMUzPuQ,,true,2026-06-16T07:15:43.860,
831,Lullaby In Rhythm,Goodman-Hirsch,,,false,,
832,Lullaby Of Birdland,George Shearing,https://youtu.be/PW9EVC9Yv70?si=q5dYkGjA1hx-NnqJ,,false,,
833,Lullaby Of The Leaves,Bernice Petkere,,,false,,
834,Lulu's Back In Town,Harry Warren,,,false,,
835,Lush Life,Billy Strayhorn,,,false,,
836,Lyresto,Kenny Burrell,,,false,,
837,Ma Belle Hélène,Kenny Wheeler,,,false,,
838,Mack The Knife,Weill-Brecht,,,false,,
839,Mahjong,Wayne Shorter,,,false,,
840,Maiden Voyage,Herbie Hancock,,,false,,
841,Make Someone Happy,Jule Styne,,,false,,
842,Making Whoopee,Walter Donaldson,,,false,,
843,Mambo Inn,Bauza-Sampson-Woodlen,,,false,,
844,"Man I Love, The",George Gershwin,,,false,,
845,"Man That Got Away, The",Harold Arlen,,,false,,
846,Manha De Carnaval (Black Orpheus),Luiz Bonfa,https://www.youtube.com/watch?v=nVkDfnGobmI,,false,2026-06-16T07:15:10.293,
847,Manhattan,Richard Rodgers,,,false,,
848,Manoir De Mes Rêves (Django's Castle),Django Reinhardt,,,false,,
849,Manteca,Dizzy Gillespie,,,false,,
850,Martha's Prize,Cedar Walton,,,false,,
851,Mas Que Nada,Jorge Ben Jor,,,false,,
852,"Masquerade Is Over, The",Allie Wrubel,,,false,,
853,Maybe I Should Change My Ways,Duke Ellington,,,false,,
854,Maybe September,Percy Faith,,,false,,
855,"Maze, The",Herbie Hancock,,,false,,
856,Mc Jolt,Richie Beirach,,,false,,
857,Mean To Me,Turk-Ahlert,,,false,,
858,"Meaning Of The Blues, The",Worth-Troup,,,false,,
859,Meditation,Antonio-Carlos Jobim,,,false,,
860,Memories Of Tomorrow,Keith Jarrett,,,false,,
861,Memories Of You,Eubie Blake,,,false,,
862,Mercy Mercy Mercy,Joe Zawinul,,,false,,
863,Midnight Blue,Kenny Burrell,,,false,,
864,Midnight Mood,Joe Zawinul,,,false,,
865,Midnight Sun,Hampton-Burke-Mercer,,,false,,
866,Midnight Voyage,Joey Calderazzo,,,false,,
867,Milano,John Lewis,,,false,,
868,Miles Ahead,Miles Davis,,,false,,
869,Milestones (New),Miles Davis,https://www.youtube.com/watch?v=k94zDsJ-JMU,,false,,
870,Milestones (Old),Miles Davis,,,false,,
871,Mimi,Richard Rogers,,,false,,
872,Mimosa,George Benson,,,false,,
873,Minoat,Mal Waldron,,,false,,
874,Minor Blues,Kurt Rosenwinkel,,,false,,
875,Minor Mishap,Tommy Flanagan,,,false,,
876,Minor Mood,Clifford Brown,,,false,,
877,Minor Strain,Bobby Timmons,,,false,,
878,Minority,Gigi Gryce,,,false,,
879,Minuano (Six Eight),Pat Metheny - Lyle Mays,,,false,,
880,"Mirror, Mirror",Chick Corea,,,false,,
881,Misterioso,Thelonious Monk,,,false,,
882,Misty,Erroll Garner,https://www.youtube.com/watch?v=P_tAU3GM9XI,,false,2026-06-16T07:15:33.585,
883,Miyako,Wayne Shorter,,,false,,
884,Moanin',Bobby Timmons,https://www.youtube.com/watch?v=cNjRQo-zpKA,,true,,
885,Moment's Notice,John Coltrane,,,false,,
886,Moments To Remember,Robert Allen,,,false,,
887,Mona Lisa,Livingston-Evans,,,false,,
888,Monk's Dream,Thelonious Monk,,,false,,
889,Monk's Mood,Thelonious Monk,,,false,,
890,Mood Indigo,Duke Ellington,,,true,,
891,Moon Alley,Tom Harrell,,,false,,
892,Moon And Sand,Wilder-Palitz,,,false,,
893,Moon Mist,Ellington-Mercer,,,false,,
894,Moon Rays,Horace Silver,,,false,,
895,Moon River,Henry Mancini,,,false,,
896,Moonchild,Keith Jarrett,,,false,,
897,Moondance,Van Morrison,,,false,,
898,Moonglow,Hudson-Lange-Mills,,,false,,
899,Moonlight Becomes You,Jimmy Van-Heusen,,,false,,
900,Moonlight In Vermont,Karl Suessdorf,,,false,,
901,Moonlight Saving Time,Irving Kahal,,,false,,
902,Moonlight Serenade,Miller-Parish,,,false,,
903,"Moontrane, The",Woody Shaw,,,false,,
904,Moose The Mooche,Charlie Parker,https://www.youtube.com/watch?v=a7zvuQN2uV4,,true,,
905,"More I See You, The",Harry Warren,,,false,,
906,More Than You Know,Vincent Youmans,,,false,,
907,Morgan The Pirate,Lee Morgan,,,false,,
908,Morning,Clare Fischer,,,false,,
909,"Most Beautiful Girl In The World, The",Rodgers-Hart,,,false,,
910,Moten Swing,Bennie Moten,,,false,,
911,Mountain Greenery,Richard Rodgers,,,false,,
912,Move,Denzil Best,,,false,,
913,Mr. Day,John Coltrane,,,false,,
914,Mr. P.C.,John Coltrane,https://www.youtube.com/watch?v=Jv5j_Lx2R4g,,false,2026-06-16T07:15:16.759,
915,My Baby Just Cares For Me,Walter Donaldson,,,false,,
916,My Buddy,Walter Donaldson,,,false,,
917,My Favorite Things,Richard Rodgers,,,true,,
918,My Foolish Heart,Victor Young,,,false,,
919,My Funny Valentine,Richard Rodgers,,,false,,
920,My Heart Belongs To Daddy,Cole Porter,,,false,,
921,My Heart Stood Still,Richard Rodgers,,,false,,
922,My Ideal,Richard Whiting,,,false,,
923,My Last Affair,Haven Johnson,,,false,,
924,My Little Brown Book,Billy Strayhorn,,,false,,
925,My Little Suede Shoes,Charlie Parker,https://www.youtube.com/watch?v=-JKDFD1PZ8Y,,true,,
926,My Lucky Star,DeSylva-Brown-Henderson,,,false,,
927,My Man's Gone Now,George Gershwin,,,false,,
928,My Melancholy Baby,Burnett-Norton,,,false,,
929,My Old Flame,Johnson-Coslow,,,false,,
930,My One And Only Love,Wood-Mellin,,,false,,
931,My Romance,Richard Rodgers,,,false,,
932,My Secret Love,Roger Vogel,,,false,,
933,My Shining Hour,Harold Arlen,,,false,,
934,My Ship,Kurt Weill,,,false,,
935,My Song,Keith Jarrett,,,false,,
936,My Way,Revaux-Francois-Thibaud-Anka,,,false,,
937,Nacada,Pat Metheny,,,false,,
938,Naima,John Coltrane,,,false,,
939,Nancy (With The Laughing Face),Jimmy Van-Heusen,,,false,,
940,Nardis,Miles Davis,https://www.youtube.com/watch?v=GzWpVwLcMps,,false,,
941,Nascimento,Barry Harris,,,false,,
942,Nature Boy,Eden Ahbez,,,false,,
943,"Nearness Of You, The",Hoagy Carmichael,,,false,,
944,Nefertiti,Wayne Shorter,,,false,,
945,Never Let Me Go,Jay Livingston,,,false,,
946,Never Will I Marry,Frank Loesser,,,false,,
947,Nevertheless,Kalmar-Ruby,,,false,,
948,New Picture,Jimmy Heath,,,false,,
949,"New York, New York",John Kander,,,false,,
950,Nica's Dream,Horace Silver,https://www.youtube.com/watch?v=r7OG-Oqb5qE,,true,2026-06-16T12:47:18.017,
951,Nice 'n Easy,Spence-Bergman-Keith,,,false,,
952,Nice Work If You Can Get It,George Gershwin,,,false,,
953,Nicolette,Kenny Wheeler,,,false,,
954,Night And Day,Cole Porter,https://www.youtube.com/watch?v=5WX_fKVWX2s,,true,2026-06-16T07:16:04.128,
955,Night Dreamer,Wayne Shorter,,,false,,
956,"Night Has A Thousand Eyes (Coltrane Changes), The",Jerry-Brainin,,,false,,
957,"Night Has A Thousand Eyes, The",Jerry-Brainin,,,false,,
958,"Night We Called It A Day, The",Matt Dennis,,,false,,
959,No Moe,Sonny Rollins,,,false,,
960,No Moon At All,David Mann,,,false,,
961,No Splice,Lee Konitz,,,false,,
962,Nobody Else But Me,Jerome Kern,,,false,,
963,Nobody Knows You When You're Down And Out,Jimmy Cox,,,false,,
964,Nostalgia,Fats Navarro,,,false,,
965,Nostalgia In Times Square,Charles Mingus,,,false,,
966,Nothing Personal,Don Grolnick,,,false,,
967,November 15,Kenny Garrett,,,false,,
968,Now's The Time,Charlie Parker,https://www.youtube.com/watch?v=ryNtmkfeJk4,,false,,
969,Nuages,Django Reinhardt,,,false,,
970,Nutty,Thelonious Monk,,,false,,
971,Nutville,Horace Silver,,,false,,
972,O Grande Amor,Antonio-Carlos Jobim,,,false,,
973,Oblivion,Bud Powell,,,false,,
974,"Odd Couple, The",Neal Hefti,,,false,,
975,Off Minor,Thelonious Monk,,,false,,
976,"Oh, Lady Be Good",George Gershwin,https://youtu.be/Fyw6Yt0Geik?si=GtdJKA7vv3rhG4MJ,,false,,
977,"Oh, What A Beautiful Mornin'",Richard Rodgers,,,false,,
978,Oh! Look At Me Now,DeVries-Bushkin,,,false,,
979,Ol' Man River,Jerome Kern,,,false,,
980,Old Cape Cod,Rothrock-Vakus-Jeffrey,,,false,,
981,"Old Country, The",Adderley-Lewis,,,false,,
982,Old Devil Moon,Burton Lane,,,false,,
983,Old Folks,Willard Robison,,,false,,
984,Oleo,Sonny Rollins,,,false,,
985,Oliloqui Valley,Herbie Hancock,,,false,,
986,On A Clear Day,Burton Lane,,,false,,
987,On A Misty Night,Tadd Dameron,,,false,,
988,On A Slow Boat To China,Frank Loesser,,,false,,
989,On Broadway,Mann-Weil-Stoller-Leiber,,,false,,
990,On Green Dolphin Street,Bronislau Kaper,https://www.youtube.com/watch?v=XI3fWXrUD10,,true,2026-06-16T12:58:00.058013,
991,On The Street Where You Live,Frederick Loewe,,,false,,
992,On The Sunny Side Of The Street,Jimmy McHugh,https://youtu.be/TQtXo4tiZxs?si=zgo9Z1zFNSakTTFi,,false,2026-06-16T07:23:56.929,
993,On The Trail,Ferde Grofe,,,false,,
994,Once I Loved,Antonio-Carlos Jobim,https://youtu.be/GeYsi9NDM9Y?si=c0CuPvlSYiFQG2Tq,,false,,
995,Once In A While,Michael Edwards,,,false,,
996,Once Upon A Summertime (La Valse Des Lilas),Legrand-Barclay-Marnay-Mercer,,,false,,
997,One By One,Wayne Shorter,,,false,,
998,One Finger Snap,Herbie Hancock,,,false,,
999,One Foot In The Gutter,Clark Terry,,,false,,
1000,One For My Baby,Harold Arlen,,,false,,
1001,"One I Love (Belongs To Somebody Else), The",Isham Jones,,,false,,
1002,One Morning In May,Hoagy Carmichael,,,false,,
1003,One Note Samba,Antonio-Carlos Jobim,https://youtu.be/0rzNLXxo01Q?si=qvRZCeDzp26_lZE5,,true,2026-06-16T07:16:06.457,
1004,Only Trust Your Heart,Benny Carter,,,false,,
1005,Onmo,Kenny Wheeler,,,false,,
1006,"Opener, The",Bill Evans,,,false,,
1007,Opus De Funk,Horace Silver,,,false,,
1008,Orange Colored Sky,DeLugg-Stein,,,false,,
1009,Oriental Folk Song,Wayne Shorter,,,false,,
1010,Ornithology,Charlie Parker,,,false,,
1011,Our Delight,Tad Dameron,,,false,,
1012,Our Love is Here to Stay,George Gershwin,,,false,,
1013,Out Of Nowhere,Johnny Green,https://youtu.be/hN_RwGuEiLY?si=2WEkzkYTe9dCZnOo,,true,,
1014,Out Of This World,Harold Arlen,,,false,,
1015,Over The Rainbow (Somewhere),Harold Arlen,,,false,,
1016,P.S. I Love You,Gordon Jenkins,,,false,,
1017,Palo Alto,Lee Konitz,,,false,,
1018,Pannonica,Thelonious Monk,,,false,,
1019,Paper Doll,Johnny Black,,,false,,
1020,Parisian Thoroughfare,Bud Powell,,,false,,
1021,Parker's Mood,Charlie Parker,,,false,,
1022,"Party's Over, The",Styne-Comden-Green,,,false,,
1023,Passion Dance,McCoy Tyner,,,false,,
1024,Passion Flower,Billy Strayhorn,,,false,,
1025,Passport,Charlie Parker,,,false,,
1026,Peace,Horace Silver,,,false,2026-06-16T07:19:44.800,
1027,"Peacocks, The",Jimmy Rowles,,,false,,
1028,Pee Wee,Tony Williams,,,false,,
1029,Peel Me A Grape,Dave Frishberg,,,false,,
1030,Peggy's Blue Skylight,Charles Mingus,,,false,,
1031,Pennies From Heaven,Arthur Johnston,https://youtu.be/alzbuZ5OLIw?si=KB3e2MunDv8uqv3g,,false,,
1032,Pensativa,Clare Fischer,,,false,,
1033,Pent Up House,Sonny Rollins,,,false,,
1034,Penthouse Serenade,Jason-Burton,,,false,,
1035,People,Jule Styne,,,false,,
1036,People Will Say We're In Love,Richard Rodgers,,,false,,
1037,Perdido,Juan Tizol,https://youtu.be/k0gft17Snqo?si=aMyB4dhqpL_xBB9F,,false,,
1038,Perhaps,Charlie Parker,,,false,,
1039,"Perhaps, Perhaps, Perhaps",Farres-Davis,,,false,,
1040,Peri's Scope,Bill Evans,,,false,,
1041,Petit Fleur,Sidney Bechet,,,false,,
1042,Pfrancing (No Blues),Miles Davis,,,false,,
1043,Phase Dance,Pat Metheny,,,false,,
1044,Pick Yourself Up,Jerome Kern,,,false,,
1045,Ping Pong,Wayne Shorter,,,false,,
1046,"Pink Panther, The",Henry Mancini,,,false,,
1047,Pinocchio,Wayne Shorter,,,false,,
1048,Played Twice,Thelonious Monk,,,false,,
1049,Poinciana,Nat Simon,https://youtu.be/Z0e2G32f3IU?si=SA6BVjZu3lkM-scM,,false,,
1050,Polkadots And Moonbeams,Jimmy Van-Heusen,,,false,,
1051,Poor Butterfly,Raymon Hubbell,,,false,,
1052,Popsicle Toes,Michael Franks,,,false,,
1053,Portrait Of Jennie,Burdge-Robinson,,,false,,
1054,"Preacher, The",Horace Silver,,,false,,
1055,Prelude To A Kiss,Duke Ellington,,,false,,
1056,Pretend,Douglas-Parman-Lavere,,,false,,
1057,Prince Of Darkness,Wayne Shorter,,,false,,
1058,Prism,Keith Jarrett,,,false,,
1059,Progression,Lee Konitz,,,false,,
1060,Punjab,Joe Henderson,,,false,,
1061,Pure Imagination,Anthony Newley,,,false,,
1062,Pursuance,John Coltrane,,,false,,
1063,Put On A Happy Face,Charles Strouse,,,false,,
1064,Puttin' On The Ritz,Irvin Berlin,,,false,,
1065,Quasimodo,Charlie Parker,,,false,,
1066,Questar,Keith Jarrett,,,false,,
1067,Question And Answer,Pat Metheny,,,false,,
1068,Quiet Now,Denny Zeitlin,,,false,,
1069,Radio,Steve Swallow,,,false,,
1070,"Rainbow Connection, The",Williams-Ascher,,,false,,
1071,Raincheck,Billy Strayhorn,,,false,,
1072,Re: Person I Knew,Bill Evans,,,false,,
1073,Recado Bossa Nova,Djalma Ferreira,,,false,,
1074,Recordame,Joe Henderson,https://youtu.be/3c9zSAVWKEs?si=eqHc13EODFPxOCAA,,true,,
1075,Red Clay,Freddie Hubbard,,,true,2026-06-16T07:20:20.558,
1076,Red Top,Lionel Hampton,,,false,,
1077,Reflections,Thelonious Monk,,,false,,
1078,Reincarnation Of A Lovebird,Charles Mingus,,,false,,
1079,Relaxin' At Camarillo,Charlie Parker,,,false,,
1080,Remember,Irving Berlin,,,false,,
1081,Repetition,Neal Hefti,,,false,,
1082,Resolution,John Coltrane,,,false,,
1083,Rhythm-a-ning,Thelonious Monk,,,false,,
1084,Road Song,Wes Montgomery,,,false,,
1085,Robbin's Nest,Thompson-Jacquet,,,false,,
1086,Rockin' Chair,Hoagy Carmichael,,,false,,
1087,Room 608,Horace Silver,,,false,,
1088,Rose Room,Art Hickman,,,false,,
1089,Rosetta,Earl Hines,,,false,,
1090,Round Midnight,Thelonious Monk,https://www.youtube.com/watch?v=zre0u5XyNfY,,false,,
1091,Route 66,Bobby Troup,,,false,,
1092,"Ruby, My Dear",Thelonious Monk,,,false,2026-06-16T07:19:14.679,
1093,S.O.S.,Wes Montgomery,,,false,,
1094,S' Wonderful,George Gershwin,,,false,,
1095,S'posin',Paul Denniker,,,false,,
1096,"Saga Of Harrison Crabfeathers, The",Steve Kuhn,,,false,,
1097,Sail Away,Tom Harrell,,,false,,
1098,Salt Peanuts,Dizzy Gillespie,,,false,,
1099,Samba De Orfeu,Luiz Bonfa,https://youtu.be/CaflYqf70BA?si=rRKAz3MkXq_Jm6mM,,true,,
1100,San Francisco Holiday,Thelonious Monk,,,false,,
1101,Sandu,Clifford Brown,https://www.youtube.com/watch?v=0wpcrWCutFQ,,false,,
1102,Satellite,John Coltrane,,,false,,
1103,Satin Doll,Strayhorn-Ellington,https://youtu.be/9DFONVkKo48?si=wa4wVcagNDHRd6pp,,true,2026-06-16T07:16:09.283,
1104,Save Your Love For Me,Buddy Johnson,,,false,,
1105,Say It (Over And Over Again),Frank Loesser,,,false,,
1106,Say the Brother's Name,Pat Metheny,,,false,,
1107,Scene,Tom Harrell,,,false,,
1108,Scotch And Soda,Dave Guard,,,false,,
1109,Scrapple From The Apple,Charlie Parker,https://www.youtube.com/watch?v=HSeiIvBdAis,,false,,
1110,Sea Journey,Chick Corea,,,false,,
1111,Search For Peace,McCoy Tyner,,,false,,
1112,"Second Star To The Right, The",Sammy Fain,,,false,,
1113,"Second Time Around, The",Jimmy Van-Heusen,,,false,,
1114,Secret Love,Sammy Fain,,,true,,
1115,Segment,Charlie Parker,,,false,,
1116,Señor Blues,Horace Silver,,,false,,
1117,Sentimental Journey,Brown-Green-Homer,,,false,,
1118,September In The Rain,Harry Warren,,,false,,
1119,September Song,Kurt Weill,https://youtu.be/uzLldQDVhsg?si=kw6dYCRx2jX9gOnk,,false,,
1120,Serenade To A Cuckoo,Roland Kirk,,,false,,
1121,Serenade To A Soul Sister,Horace Silver,,,false,,
1122,Serene,Eric Dolphy,,,false,,
1123,Serenity,Joe Henderson,,,false,,
1124,Serpent's Tooth,Miles Davis,,,false,,
1125,Seven Come Eleven,Goodman-Christian,,,false,,
1126,Seven Steps To Heaven,Victor Feldman,,,false,,
1127,"Shadow Of Your Smile, The",Johnny Mandel,,,false,,
1128,Shaw 'Nuff,Charlie Parker,,,false,,
1129,She's Funny That Way,Charles Daniels,,,false,,
1130,Shine,Dabney-Mack-Brown,,,false,,
1131,Shiny Stockings,Frank Foster,https://youtu.be/48HMYuiv8Mw?si=HJ4mUuyheRSNg6zX,,false,,
1132,Short Story,Kenny Dorham,,,false,,
1133,Shutterbug,J.J. Johnson,,,false,,
1134,Si Si,Charlie Parker,,,false,,
1135,Sidewinder,Lee Morgan,,,false,,
1136,Silver's Serenade,Horace Silver,,,true,,
1137,Simone,Frank Foster,,,false,,
1138,Since I Fell For You,Buddy Johnson,,,false,,
1139,Sippin' At Bells,Miles Davis,,,false,,
1140,Sister Sadie,Horace Silver,,,false,,
1141,Skating In Central Park,John Lewis,,,false,,
1142,Skippy,Thelonious Monk,,,false,,
1143,Skylark,Hoagy Carmichael,,,false,,
1144,Skyliner,Charlie Barnet,,,false,,
1145,Slipped Disc,Benny Goodman,,,false,,
1146,Slow Hot Wind,Henry Mancini,,,false,,
1147,Smile,Charles Chaplin,,,false,,
1148,Smoke Gets In Your Eyes,Jerome Kern,,,false,,
1149,Smoke Rings,Gifford-Washington,,,false,,
1150,Sno' Peas,Phil Markowitz,,,false,,
1151,Só Danço Samba,Antonio-Carlos Jobim,https://youtu.be/YJMEu1oxLjA?si=3j7LAITLZ7ZTePeA,,true,,
1152,So In Love,Cole Porter,,,false,,
1153,So Many Stars,Sergio Mendez,,,false,,
1154,So Nice (Summer Samba),Marco Valles,,,true,,
1155,So Sorry Please,Bud Powell,,,false,,
1156,So Tender,Keith Jarrett,,,false,,
1157,So What,Miles Davis,https://www.youtube.com/watch?v=ylXk1LBvIqU,,true,,
1158,Social Call,Gigi Gryce,,,false,,
1159,"Softly, As In A Morning Sunrise",Sigmund Romberg,https://youtu.be/VlViBYcZpJ0?si=-1p1PyUgxmF_zCI1,,false,2026-06-16T07:18:36.908,
1160,Solar,Miles Davis,https://www.youtube.com/watch?v=UBrKSKME3Zc,,false,,
1161,Solitude,Duke Ellington,,,false,,
1162,Some Enchanted Evening,Richard Rodgers,,,false,,
1163,Some Other Blues,John Coltrane,,,false,,
1164,Some Other Spring,Herzog-Kitchings,,,false,,
1165,Some Other Time,Leonard Bernstein,,,false,,
1166,Somebody Loves Me,George Gershwin,,,false,,
1167,Someday My Prince Will Come,Frank Churchill,https://youtu.be/ZoGtLq9Qx24?si=rW7MTaJ4E4Qi12JD,,true,2026-06-16T07:16:10.685,
1168,Someday You'll Be Sorry,Louis Armstrong,,,false,,
1169,Someone To Watch Over Me,George Gershwin,,,false,,
1170,Sometime Ago,Sergio Mikanovich,,,false,,
1171,Sometimes I'm Happy,Vincent Youmans,,,false,,
1172,Somewhere,Leonard Bernstein,,,false,,
1173,Song For Bilbao,Pat Metheny,,,false,,
1174,Song For My Father,Horace Silver,https://www.youtube.com/watch?v=CWeXOm49kE0,,false,,
1175,Song For My Lady,McCoy Tyner,,,false,,
1176,Song For Strayhorn,Gerry Mulligan,,,false,,
1177,"Song Is You, The",Jerome Kern,,,false,,
1178,Sonnymoon For Two,Sonny Rollins,,,true,,
1179,Soon,George Gershwin,,,false,,
1180,Sophisticated Lady,Duke Ellington,,,false,,
1181,"Sorcerer, The",Herbie Hancock,,,false,,
1182,Soul Eyes,Mal Waldron,,,false,,
1183,Soultrane,Tadd Dameron,,,false,,
1184,Sound Lee,Lee Konitz,,,false,,
1185,Spain,Chick Corea,,,false,,
1186,Speak Like A Child,Herbie Hancock,,,false,,
1187,Speak Low,Kurt Weill,,,false,,
1188,Speak No Evil,Wayne Shorter,,,false,,
1189,Spiral,John Coltrane,,,false,,
1190,Spring Can Really Hang You Up The Most,Tommy Wolf,,,false,,
1191,Spring Is Here,Richard Rodgers,,,false,,
1192,St. James Infirmary,Joe Primrose,,,false,,
1193,St. Louis Blues,W.C. Handy,,,false,,
1194,St. Thomas,Sonny Rollins,https://www.youtube.com/watch?v=fdakJqKPRDE,,false,2026-06-16T07:16:12.264,
1195,"St. Vitus Dance, The",Horace Silver,,,false,,
1196,Stablemates,Benny Golson,,,false,,
1197,Stairway To The Stars,Matt Maineck,,,false,,
1198,Star Dust,Hoagy Carmichael,,,false,,
1199,Star Eyes,Gene DePaul,https://youtu.be/0LVa7larMUE?si=CHye0pvFIRJ9rK4J,,false,,
1200,"Star-Crossed Lovers, The",Strayhorn-Ellington,,,false,,
1201,Stars Fell On Alabama,Frank Perkins,,,false,,
1202,Stella By Starlight,Victor Young,https://www.youtube.com/watch?v=qnx5_bCnJec,,false,,
1203,Stolen Moments,Oliver Nelson,https://youtu.be/RbaGDDbpcQ4?si=BIcZll2oEeQF8jXV,,false,2026-06-16T07:16:11.871,
1204,Stompin' At The Savoy,Webb-Goodman-Sampson,,,false,,
1205,Stormy Weather,Harold Arlen,,,false,,
1206,Straight Life,Freddie Hubbard,,,false,,
1207,Straight No Chaser,Thelonious Monk,https://www.youtube.com/watch?v=7naC7TF9OU0,,false,2026-06-16T07:17:58.598,
1208,Straight Street,John Coltrane,,,false,,
1209,Straighten Up And Fly Right,Cole-Mills,,,false,,
1210,Strange Meeting,Bill Frisell,,,false,,
1211,Strangers In The Night,Bert Kaempfert,,,false,,
1212,Strasbourg-St. Denis,Roy Hargrove,,,true,,
1213,Street Of Dreams,Victor Young,,,false,,
1214,Strike Up The Band,George Gershwin,,,false,,
1215,Strode Rode,Sonny Rollins,,,false,,
1216,Strollin',Horace Silver,,,false,,
1217,Struttin' With Some Barbecue,Lillian Armstrong,,,false,,
1218,Subconscious Lee,Lee Konitz,,,false,,
1219,Suddenly It's Spring,Jimmy Van-Heusen,,,false,,
1220,Sugar,Stanley Turrentine,https://youtu.be/6p8h9zTf_FQ?si=4LLwUsYwckd4Zz7i,,false,,
1221,Summer Band Camp,Mick Goodrick,,,false,,
1222,Summer In Central Park,Horace Silver,,,false,,
1223,"Summer Knows, The",Michel Legrand,,,false,,
1224,Summer Night,Harry Warren,,,false,,
1225,Summer Serenade,Benny Carter,,,false,,
1226,"Summer Wind, The",Meyer-Mercer,,,false,,
1227,Summertime,George Gershwin,https://www.youtube.com/watch?v=K6DI6ysDemk,,true,,
1228,Sun down,Wes Montgomery,,,false,,
1229,Sunny,Bobby Hebb,,,false,2026-06-16T07:24:52.598,
1230,Sunshower,Kenny Barron,,,false,,
1231,Surrey With The Fringe On The Top,Richard Rodgers,,,false,,
1232,Sway,Ruiz-Gimbel,,,false,,
1233,Sweeping Up,Steve Swallow,,,false,,
1234,Sweet And Lovely,Arnheim-Daniels-Tobias,,,false,,
1235,Sweet Georgia Bright,Charles Lloyd,,,false,,
1236,Sweet Georgia Brown,Pinkard-Casey-Bernie,https://youtu.be/DCUOhgfnSP8?si=wBFflRxSox-1qgZN,,false,,
1237,Sweet Lorraine,Cliff Burwell,,,false,,
1238,"Sweet Sue, Just You",Harris-Young,,,false,,
1239,"Sweetest Sounds, The",Richard Rodgers,,,false,,
1240,Swinging At The Haven,Ellis Marsalis,,,false,,
1241,"Swinging Shepherd Blues, The",Koffman-Roberts-Jacobson,,,false,,
1242,Tadd's Delight,Tadd Dameron,,,false,,
1243,Take Five,Paul Desmond,https://www.youtube.com/watch?v=JXi3rHqnAIU,,false,,
1244,Take The A Train,Billy Strayhorn,https://www.youtube.com/watch?v=bc2YGfAX8MY,,false,2026-06-16T07:15:27.562,
1245,Taking A Chance On Love,Vernon Duke,,,false,,
1246,Tangerine,Victor Schertzinger,https://youtu.be/I1Nxumlbed8?si=daeKbogejdH_Bi5l,,false,,
1247,Tautology,Lee Konitz,,,false,,
1248,Tea For Two,Vincent Youmans,,,false,,
1249,Teach Me Tonight,Gene DePaul,,,false,,
1250,Tell Me A Bedtime Story,Herbie Hancock,,,false,,
1251,Tempus Fugit,Bud Powell,,,false,,
1252,Tenderly,Walter Gross,,,false,,
1253,Tenor Madness,Sonny Rollins,https://www.youtube.com/watch?v=3MkUvZUTFUc,,false,,
1254,Terra Nova,Kurt Rosenwinkel,,,false,,
1255,Thanks For The Memory,Leo Robin,,,false,,
1256,That Old Black Magic,Harold Arlen,,,false,,
1257,That Old Feeling,Brown-Fain,,,false,,
1258,That Ole Devil Called Love,Doris Fisher,,,false,,
1259,That's All,Haymes-Brandt,,,false,,
1260,That's Amore (That's Love),Warren-Brooks,,,false,,
1261,That's Life,Kay-Gordon,,,false,,
1262,Thelonious,Thelonious Monk,,,false,,
1263,Them There Eyes,Tracy-Tauber-Pinkard,,,false,,
1264,Theme For Ernie,Fred Lacey,,,false,,
1265,Theme From Family Guy,Murphy-MacFarlane-Zuckerman,,,false,,
1266,"Theme, The",Miles Davis,https://youtu.be/tQbfbRzHtLU?si=b_uJUPbGIsBr-YRG,,false,,
1267,There Is No Greater Love,Isham Jones,https://youtu.be/7tnEV2IDx6g?si=UNHQg_YUOBr_SPFA,,true,2026-06-16T07:16:18.463,
1268,There Will Never Be Another You,Harry Warren,https://youtu.be/ytHMBYLwgVU?si=WTcnSnc51xyVpNow,,true,2026-06-16T07:16:19.693,
1269,There'll Be Some Changes Made,Benton Overstreet,,,false,,
1270,There's A Lull In My Life,Harry Revel,,,false,,
1271,There's A Small Hotel,Richard Rodgers,,,false,,
1272,There's No You,Hal Hopper,,,false,,
1273,These Are Soulful Days,Cal Massey,,,false,,
1274,These Foolish Things,Strachey-Link,,,false,,
1275,They All Laughed,George Gershwin,,,false,,
1276,They Can't Take That Away From Me,George Gershwin,,,false,,
1277,They Didn't Believe Me,Jerome Kern,,,false,,
1278,They Say It's Wonderful,Irving Berlin,,,false,,
1279,Things Ain't What They Used To Be,Duke Ellington,,,false,,
1280,"Things We Did Last Summer, The",Cahn-Styne,,,false,,
1281,Think Of One,Thelonious Monk,,,false,,
1282,This Can't Be Love,Richard Rodgers,,,false,,
1283,This Could Be The Start Of Something Big,Steve Allen,,,false,,
1284,This Here,Bobby Timmons,,,false,,
1285,This I Dig Of You,Hank Mobley,https://www.youtube.com/watch?v=nJ-i3i2B9O0,,false,,
1286,This Is All I Ask,Gordon Jenkins,,,false,,
1287,This is for Albert,Wayne Shorter,,,false,,
1288,This Is New,Kurt Weill,,,false,,
1289,This Masquerade,Leon Russell,,,false,,
1290,This Time The Dream's On Me,Harold Arlen,,,false,,
1291,This Year's Kisses,Irving Berlin,,,false,,
1292,Thou Swell,Richard Rodgers,,,false,,
1293,Three Flowers,McCoy Tyner,,,false,,
1294,Three Little Words,Harry Ruby,,,false,,
1295,"Thrill Is Gone, The",Ray Henderson,,,false,,
1296,Thriving From A Riff,Charlie Parker,,,false,,
1297,Tickle-Toe,Lester Young,,,false,,
1298,Till There Was You,Meredith Wilson,,,false,,
1299,Time After Time,Jule Styne,,,false,,
1300,Time On My Hands,Vincent Youmans,,,false,,
1301,Time Remembered,Bill Evans,,,false,,
1302,Tin Tin Deo,Dizzy Gillespie,,,false,,
1303,Tiny Capers,Clifford Brown,,,false,,
1304,Tippin',Horace Silver,,,false,,
1305,Tis Autumn,Henry Nemo,,,false,,
1306,Tokyo Blues,Horace Silver,,,false,,
1307,Tones For Joan's Bones,Chick Corea,,,false,,
1308,Tonight,Bernstein-Sondheim,,,false,,
1309,Tonight I Shall Sleep,Ellington-Mercer,,,false,,
1310,Tonight You Belong To Me,Rose-David,,,false,,
1311,Too Close For Comfort,Bock-Weiss-Holofcener,,,false,,
1312,Too Marvelous For Words,Richard Whiting,,,false,,
1313,Too Young,Lippman-Dee,,,false,,
1314,Too Young To Go Steady,Jimmy McHugh,,,false,,
1315,Topsy,Battle-Durham,,,false,,
1316,"Touch Of Your Lips, The",Ray Noble,,,false,,
1317,Tour De Force,Dizzy Gillespie,,,true,,
1318,Toy Tune,Wayne Shorter,,,false,,
1319,Toys,Herbie Hancock,,,false,,
1320,Training,Michel Petrucciani,,,false,,
1321,Trane’s Blues,John Coltrane,,,false,,
1322,Travels,Pat Metheny,,,false,,
1323,Tricotism,Oscar Pettiford,,,false,,
1324,Trinkle Tinkle,Thelonious Monk,,,false,,
1325,Triste,Antonio-Carlos Jobim,,,false,,
1326,Troubled Waters,Arthur Johnston,,,false,,
1327,Try A Little Tenderness,Harry Woods,,,false,,
1328,Tune Up,Miles Davis,https://www.youtube.com/watch?v=By9OyX2DfWY,,false,,
1329,Turn Out The Stars,Bill Evans,,,false,,
1330,Turnaround,Ornette Coleman,,,false,,
1331,Twisted,Wardell Gray,https://www.youtube.com/watch?v=99CJEPIeGmI,,false,,
1332,Twisted Blues,Wes Montgomery,,,false,,
1333,Two For The Road,Henry Mancini,,,false,,
1334,Two Not One,Lennie Tristano,,,false,,
1335,Two Sleepy People,Hoagy Carmichael,,,false,,
1336,Ugly Beauty,Thelonious Monk,,,false,,
1337,Un Poco Loco,Bud Powell,,,false,,
1338,Unconditional Love,Geri Allen,,,false,,
1339,Undecided,Charlie Shavers,,,false,,
1340,Under A Blanket Of Blue,Jerry Livingston,,,false,,
1341,Unforgettable,Gordon Irving,,,false,,
1342,Unit Seven,Sam Jones,,,false,,
1343,United,Wayne Shorter,,,false,,
1344,Unity Village,Pat Metheny,,,false,,
1345,Unrequited,Brad Mehldau,,,false,,
1346,Up Jumped Spring,Freddie Hubbard,,,false,,
1347,Up With The Lark,Jerome Kern,,,false,,
1348,Upper Manhattan Medical Group,Billy Strayhorn,,,false,,
1349,Valse Hot,Sonny Rollins,,,false,,
1350,Very Early,Bill Evans,,,false,,
1351,"Very Thought Of You, The",Ray Noble,,,false,,
1352,Violets For Your Furs,Adair-Dennis,,,false,,
1353,Virgo,Wayne Shorter,,,false,,
1354,Virgo (Silver),Horace Silver,,,false,,
1355,Voyage,Kenny Barron,,,false,,
1356,Wabash,Cannonball Adderley,,,false,,
1357,Wait Till You See Her,Richard Rodgers,,,false,,
1358,Walk Tall,Cannonball Adderley,,,false,,
1359,Walkin',Miles Davis,,,false,,
1360,Walkin' My Baby Back Home,Ahlert-Turk,,,false,,
1361,Walkin' Shoes,Gerry Mulligan,,,false,,
1362,Walkin' up,Bill Evans,,,false,,
1363,Waltz For Debby,Bill Evans,,,true,,
1364,Waltz For Ruth,Charlie Haden,,,false,,
1365,Warm Valley,Duke Ellington,,,false,,
1366,Watch What Happens,Michel Legrand,,,false,,
1367,Watermelon Man,Herbie Hancock,https://youtu.be/ppJQKfqhFfE?si=KMvSpRv_EjJdyEtv,,false,,
1368,Wave,Antonio-Carlos Jobim,https://www.youtube.com/watch?v=JGqzKmp_5Bg,,true,,
1369,"Way You Look Tonight, The",Jerome Kern,,,false,,
1370,Wayne's Thang,Kenny Garrett,,,false,,
1371,We See,Thelonious Monk,,,false,,
1372,We Will Meet Again,Bill Evans,,,false,,
1373,We'll Be Together Again,Carl Fisher,,,false,,
1374,Webb City,Bud Powell,,,false,,
1375,Well You Needn't,Thelonious Monk,https://www.youtube.com/watch?v=q-d32veDFOw,,true,,
1376,Wendy,Paul Desmond,,,false,,
1377,West Coast Blues,Wes Montgomery,,,false,,
1378,What A Difference A Day Made,Maria Grever,,,false,,
1379,What A Little Moonlight Can Do,Harry Woods,,,false,,
1380,What A Wonderful World,Weiss-Thiele,,,false,,
1381,What Are You Doing New Year's Eve?,Frank Loesser,,,false,,
1382,What Are You Doing The Rest Of Your Life?,Michel Legrand,,,false,,
1383,What Is This Thing Called Love,Cole Porter,https://youtu.be/jnp0m41HtTw?si=MyDBjWkQbNig7L53,,false,,
1384,What'll I Do,Irving Berlin,,,false,,
1385,What's New,Bob Haggard,,,false,,
1386,When I Fall In Love,Victor Young,,,false,,
1387,When It Rains,Brad Mehldau,,,false,,
1388,When It's Sleepy Time Down South,Traditional,,,false,,
1389,When Lights Are Low,Benny Carter,,,false,,
1390,When Sunny Gets Blue,Marvin Fisher,,,false,,
1391,When The Saints Go Marching In,Traditional,,,false,2026-06-16T07:23:13.565,
1392,When The Sun Comes Out,Harold Arlen,,,false,,
1393,When You Wish Upon A Star,Leigh Harline,,,false,2026-06-16T07:23:06.810,
1394,When You're Smilin',Shay - Fisher - Goodwin,,,false,,
1395,When Your Lover Has Gone,E.A. Swan,,,false,,
1396,Where Are You?,Jimmy McHugh,,,false,,
1397,Where Or When,Richard Rodgers,,,false,,
1398,While We're Young,Wilder-Palitz,,,false,,
1399,Whisper Not,Benny Golson,,,false,,
1400,Who Can I Turn To,Newley-Bricusse,,,false,,
1401,Who Cares,George Gershwin,,,false,,
1402,Who's Sorry Now?,Snyder-Kalmar-Ruby,,,false,,
1403,Why Do I Love You?,Jerome Kern,,,false,,
1404,Why Don't You Do Right?,Kansas-Joe McCoy,,,false,,
1405,Wild Flower,Wayne Shorter,,,false,,
1406,Will You Still Be Mine?,Matt Dennis,,,false,,
1407,Willow Weep For Me,Ann Ronell,https://youtu.be/HXLU4HMwzMM?si=qlZNi9HwV9-mc9yO,,false,,
1408,Windows,Chick Corea,,,false,,
1409,Witch Hunt,Wayne Shorter,,,false,,
1410,Witchcraft,Cy Coleman,,,false,2026-06-16T07:22:58.603,
1411,With A Song In My Heart,Richard Rodgers,,,false,,
1412,With The Wind And The Rain In Your Hair,Clare Edwards,,,false,,
1413,Without A Song,Vincent Youmans,,,false,,
1414,Without A Song (Joe Henderson Changes),Vincent Youmans,,,false,,
1415,Wives And Lovers,Burt Bacharach,,,false,,
1416,Woody'n You,Dizzy Gillespie,,,false,,
1417,Work,Thelonious Monk,,,false,,
1418,Work Song,Nat Adderley,https://www.youtube.com/watch?v=4rmXbiD3Jog,,false,,
1419,Wouldn't It Be Loverly,Frederick Loewe,,,false,,
1420,Wow,Lennie Tristano,,,false,,
1421,Wrap Your Troubles In Dreams,Harry Barris,,,false,,
1422,Yardbird Suite,Charlie Parker,https://www.youtube.com/watch?v=HqGJt6ca6eY,,true,,
1423,Yes And No,Wayne Shorter,,,false,,
1424,Yesterday's Gardenias,Robertson Mysels,,,false,,
1425,Yesterdays,Jerome Kern,https://youtu.be/_X2_fiZKzYw?si=y2DCeS2Y0EL-Fqhg,,false,,
1426,You And The Night And The Music,Arthur Schwartz,,,false,,
1427,You Are Too Beautiful,Richard Rodgers,,,false,,
1428,You Better Go Now,Reichner-Graham,,,false,,
1429,You Better Leave It Alone,Clifford Jordan,,,false,,
1430,You Brought A New Kind Of Love To Me,Fain-Kaval-Norman,,,false,,
1431,You Can Depend On Me,Carpenter-Dunlap-Hines,,,false,,
1432,You Do Something To Me,Cole Porter,,,false,,
1433,You Don't Know What Love Is,Raye-DePaul,https://youtu.be/YHAKe26KqG4?si=TSILmyVIYxBZ1WBy,,false,,
1434,You Go To My Head,Fred Coots,,,false,,
1435,You Keep Coming Back Like A Song,Irving Berlin,,,false,,
1436,You Know I Care,Duke Pearson,,,false,,
1437,You Made Me Love You,James Monaco,,,false,,
1438,You Make Me Feel So Young,Josef Myrow,,,false,,
1439,You Must Believe In Spring,Michel Legrand,,,false,,
1440,You Stepped Out Of A Dream,Nacio-Herb-Brown,,,true,,
1441,You Taught My Heart To Sing,McCoy Tyner,,,false,,
1442,You Took Advantage Of Me,Richard Rodgers,,,false,,
1443,You Turned The Tables on Me,Louis Alter,,,false,,
1444,You Won't Forget Me,Goell-Spielman,,,false,,
1445,You'd Be So Nice To Come Home To,Cole Porter,,,false,,
1446,You're Blasé,Ord Hamilton,,,false,,
1447,You're Everything,Chick Corea,,,false,,
1448,You're Laughing At Me,Irving Berlin,,,false,,
1449,You're My Everything,Harry Warren,,,false,,
1450,You're My Thrill,Jay Gorney,,,false,,
1451,You're Nobody Till Somebody Loves You,Morgan-Stock-Cavanaugh,,,false,,
1452,You're The Top,Cole Porter,,,false,,
1453,You've Changed,Carl Fisher,,,false,,
1454,Young And Foolish,Albert Hague,,,false,,
1455,Young At Heart,Johnny Richards,,,false,,
1456,Yours Is My Heart Alone,Franz Lehar,,,false,,
1457,Zhivago,Kurt Rosenwinkel,,,false,,
1458,Zing Went The Strings Of My Heart,James Hanley,,,false,,
1459,Zingaro (Retrato Em Branco E Preto),Antonio-Carlos Jobim,,,false,,
1460,Zoltan,Woody Shaw,,,false,,
1461,Lester Leaps In,Lester Young,https://www.youtube.com/watch?v=sVinCvLUYLA,,false,,
1462,One For Daddy-O,Nat Adderley,https://www.youtube.com/watch?v=MVtK318-xpI,,false,,
1463,Chitlins Con Carne,Kenny Burrell,https://www.youtube.com/watch?v=ylGjvwXV3HA,,false,,
1464,Blue Train,John Coltrane,https://www.youtube.com/watch?v=YjRbmtrDJI4,,false,,
1465,Cool Blues,Charlie Parker,https://youtu.be/rlm5yVgGfQs?si=kUwQuMiyNg1VFyre,,false,,
1466,Saudade Vem Correndo,Stan Getz,https://youtu.be/D0a4vuKQR5w?si=gfUSz6K5RdFtr0LH,,true,2026-06-16T07:16:09.758,